date,rain,flow
2010.1.1,0.2,6.103368421
2010.1.2,0,6.303631579
2010.1.3,0,4.346736842
2010.1.4,0,3.663684211
2010.1.5,0.2,4.368526316
2010.1.6,0,3.544789474
2010.1.7,0,3.103315789
2010.1.8,0,5.259578947
2010.1.9,0.635714286,8.161947368
2010.1.10,1.805,6.013666667
2010.1.11,0.742857143,6.422157895
2010.1.12,0,7.576157895
2010.1.13,0,5.018210526
2010.1.14,0,4.674947368
2010.1.15,2.418181818,7.087526316
2010.1.16,0,8.087473684
2010.1.17,0,5.464052632
2010.1.18,0,4.833789474
2010.1.19,0.2,3.973947368
2010.1.20,5.20625,9.973421053
2010.1.21,1.833333333,7.774157895
2010.1.22,0,7.853736842
2010.1.23,0,9.045473684
2010.1.24,0.914285714,16.29315789
2010.1.25,0,18.60373684
2010.1.26,4.611111111,19.48242105
2010.1.27,0.6,17.57557895
2010.1.28,0,17.93073684
2010.1.29,1.713333333,18.17152632
2010.1.30,6.69,16.82221053
2010.1.31,9.385,12.915
2010.2.1,0.166666667,15.34626316
2010.2.2,2.5,15.51005263
2010.2.3,0.957142857,13.298
2010.2.4,0,10.78978947
2010.2.5,0.71,13.20510526
2010.2.6,1.141176471,14.00863158
2010.2.7,0.48,11.76394737
2010.2.8,3.166666667,9.951842105
2010.2.9,9.17,10.65094737
2010.2.10,35.08421053,12.53778947
2010.2.11,1.7625,18.76357895
2010.2.12,0,23.45884211
2010.2.13,5.594736842,24.15410526
2010.2.14,4.094736842,27.34110526
2010.2.15,2.176470588,27.94789474
2010.2.16,0,26.37615789
2010.2.17,0,27.39842105
2010.2.18,0,21.56210526
2010.2.19,0,16.91321053
2010.2.20,0,16.89084211
2010.2.21,0,17.50226316
2010.2.22,0,16.14663158
2010.2.23,0,17.62752632
2010.2.24,9.99,19.07684211
2010.2.25,10.81578947,18.07142105
2010.2.26,1.09375,16.81157895
2010.2.27,0.2,16.87321053
2010.2.28,10.155,15.84542105
2010.3.1,10.455,15.62684211
2010.3.2,21.625,18.13868421
2010.3.3,8.88,33.67294737
2010.3.4,4,46.50526316
2010.3.5,14.97,44.80989474
2010.3.6,6.915,58.662
2010.3.7,0,72.98778947
2010.3.8,4.79,71.83042105
2010.3.9,0,57.30052632
2010.3.10,0,46.43684211
2010.3.11,0,40.51873684
2010.3.12,0,37.51789474
2010.3.13,3.727777778,34.73926316
2010.3.14,11.725,39.04615789
2010.3.15,0,35.82826316
2010.3.16,0,36.66726316
2010.3.17,0,37.92642105
2010.3.18,0,36.44368421
2010.3.19,0.875,36.71489474
2010.3.20,0,35.81410526
2010.3.21,0,36.33410526
2010.3.22,14.99,34.50742105
2010.3.23,30.115,38.26210526
2010.3.24,8.63,52.91789474
2010.3.25,0,58.34736842
2010.3.26,0.58,48.06947368
2010.3.27,0,43.07421053
2010.3.28,0,40.97
2010.3.29,0.569230769,37.60589474
2010.3.30,1.78,38.46684211
2010.3.31,54.845,34.64789474
2010.4.1,5.765,64.86947368
2010.4.2,0,70.81842105
2010.4.3,0,50.94526316
2010.4.4,0,44.73315789
2010.4.5,0,40.65473684
2010.4.6,1.383333333,35.09736842
2010.4.7,0,30.60778947
2010.4.8,0,31.73526316
2010.4.9,0,31.80157895
2010.4.10,1.561538462,30.47673684
2010.4.11,21.22,30.51294737
2010.4.12,7.315,34.64242105
2010.4.13,3.49,29.46842105
2010.4.14,10.18,27.01068421
2010.4.15,6,29.50347368
2010.4.16,0,25.68736842
2010.4.17,9.09,25.34242105
2010.4.18,12.855,27.68378947
2010.4.19,1.18,28.66321053
2010.4.20,14.3,32.66115789
2010.4.21,30.075,45.18263158
2010.4.22,0,69.64631579
2010.4.23,0.5,55.21421053
2010.4.24,0,44.39736842
2010.4.25,8.936842105,40.60473684
2010.4.26,0,37.64105263
2010.4.27,1,34.11157895
2010.4.28,0,29.68052632
2010.4.29,0,29.19894737
2010.4.30,0,36.01157895
2010.5.1,1.5,28.41789474
2010.5.2,0,28.88578947
2010.5.3,0,28.36210526
2010.5.4,11.28333333,28.68526316
2010.5.5,1.5,31.72410526
2010.5.6,0,33.46473684
2010.5.7,0.8,34.29147368
2010.5.8,10.43913043,34.60926316
2010.5.9,0.25,35.50289474
2010.5.10,0,37.95110526
2010.5.11,0.3,37.24463158
2010.5.12,3.40952381,36.88294737
2010.5.13,3.42,33.98152632
2010.5.14,1.26875,40.43642105
2010.5.15,3.266666667,41.18794737
2010.5.16,24.675,42.82868421
2010.5.17,4.872222222,44.63157895
2010.5.18,0.9,42.79268421
2010.5.19,0,39.81163158
2010.5.20,2.733333333,38.14284211
2010.5.21,28.14782609,46.80789474
2010.5.22,3.754166667,56.34689474
2010.5.23,0.5,62.38515789
2010.5.24,0,56.55410526
2010.5.25,0,59.49031579
2010.5.26,1.704166667,56.96210526
2010.5.27,6.7,57.88984211
2010.5.28,0.947058824,53.60784211
2010.5.29,0.5,39.43426316
2010.5.30,0,34.27994737
2010.5.31,0,38.87963158
2010.6.1,0,41.09478947
2010.6.2,0,43.754
2010.6.3,4,46.68115789
2010.6.4,0,51.12715789
2010.6.5,0,52.44215789
2010.6.6,0,47.68310526
2010.6.7,23,43.30036842
2010.6.8,55.83333333,55.27578947
2010.6.9,2.407142857,89.22210526
2010.6.10,0.669230769,62.04336842
2010.6.11,0,57.08257895
2010.6.12,0,66.57705263
2010.6.13,0.6,49.97973684
2010.6.14,0.7,43.38715789
2010.6.15,0,40.314
2010.6.16,0.4,37.62978947
2010.6.17,0,37.86789474
2010.6.18,0.1,37.38189474
2010.6.19,2.55,36.93263158
2010.6.20,0,39.28710526
2010.6.21,0,38.29084211
2010.6.22,0,34.93131579
2010.6.23,1.866666667,35.95873684
2010.6.24,2.355555556,35.33636842
2010.6.25,4.528571429,36.41426316
2010.6.26,0,45.99747368
2010.6.27,1.2,41.28447368
2010.6.28,8.616666667,38.99452632
2010.6.29,2.08,38.09115789
2010.6.30,0,41.87968421
2010.7.1,0,34.05494737
2010.7.2,27.525,27.05921053
2010.7.3,20.75714286,25.92073684
2010.7.4,19.03333333,26.36068421
2010.7.5,25.94166667,29.55157895
2010.7.6,0,39.18294737
2010.7.7,12.1,36.05015789
2010.7.8,19.2375,32.87894737
2010.7.9,7.692857143,33.22015789
2010.7.10,54.42173913,29.76347368
2010.7.11,55.70416667,68.77894737
2010.7.12,33.10416667,163.1473684
2010.7.13,15.88421053,142.6947368
2010.7.14,0.7,111.99
2010.7.15,13.76666667,110.8315789
2010.7.16,47.3,160.3789474
2010.7.17,0.755555556,204.7366316
2010.7.18,9.3,146.4272632
2010.7.19,18.395,98.23673684
2010.7.20,16.225,91.41236842
2010.7.21,16.95,99.85331579
2010.7.22,14.1826087,106.5984211
2010.7.23,9.477777778,101.666
2010.7.24,6.927272727,99.54305263
2010.7.25,7.775,91.98863158
2010.7.26,0,87.04210526
2010.7.27,2.675,76.74526316
2010.7.28,0.5,67.55921053
2010.7.29,2.4,58.65036842
2010.7.30,11.71333333,50.71242105
2010.7.31,3.6,53.80477778
2010.8.1,6.55,50.07863158
2010.8.2,0,55.64247368
2010.8.3,0,58.66084211
2010.8.4,0,51.40563158
2010.8.5,5.16,48.19810526
2010.8.6,14.35652174,38.71510526
2010.8.7,9.6125,39.86031579
2010.8.8,14.075,42.88447368
2010.8.9,4,39.55615789
2010.8.10,0,42.27989474
2010.8.11,2.4,47.44131579
2010.8.12,0,54.17257895
2010.8.13,0,66.43673684
2010.8.14,9.164285714,62.75378947
2010.8.15,47.85833333,55.92263158
2010.8.16,5.257142857,52.65126316
2010.8.17,1.3,57.20926316
2010.8.18,17.45333333,41.29615789
2010.8.19,15.01666667,26.27142105
2010.8.20,11.6,24.05189474
2010.8.21,9.633333333,27.38347368
2010.8.22,21.04666667,27.37231579
2010.8.23,8.63125,31.08473684
2010.8.24,16.03333333,31.60283333
2010.8.25,25.34583333,28.10778947
2010.8.26,24.57083333,44.18878947
2010.8.27,3.586363636,60.23126316
2010.8.28,0.5,53.00883333
2010.8.29,0,36.42757895
2010.8.30,0,29.75221053
2010.8.31,2.6,24.13568421
2010.9.1,5.263636364,22.76384211
2010.9.2,27.65652174,27.31536842
2010.9.3,82.10833333,72.51457895
2010.9.4,2.772222222,149.8263158
2010.9.5,2.23,103.5447368
2010.9.6,2.1,64.53657895
2010.9.7,7.273333333,51.48521053
2010.9.8,4.206666667,46.10715789
2010.9.9,1.305263158,48.19678947
2010.9.10,3.375,49.49247368
2010.9.11,1.188888889,49.71726316
2010.9.12,0.6,50.12668421
2010.9.13,14.46521739,46.31736842
2010.9.14,22.15,46.12721053
2010.9.15,0.333333333,47.68721053
2010.9.16,0,41.12689474
2010.9.17,0,34.86378947
2010.9.18,0,34.72494444
2010.9.19,0,32.71547368
2010.9.20,0,32.19657895
2010.9.21,39.93913043,38.52384211
2010.9.22,24.40833333,55.02568421
2010.9.23,0,72.56152632
2010.9.24,6.5875,52.02994737
2010.9.25,10.40416667,38.15263158
2010.9.26,7.791666667,35.14457895
2010.9.27,3.827272727,36.21189474
2010.9.28,13.08181818,36.08768421
2010.9.29,0,40.29484211
2010.9.30,1.254545455,38.11978947
2010.10.1,15.19047619,30.90494737
2010.10.2,0.533333333,27.51852632
2010.10.3,0,28.41536842
2010.10.4,0,28.28321053
2010.10.5,0,25.26763158
2010.10.6,0,25.40036842
2010.10.7,0,24.06715789
2010.10.8,0,22.52494737
2010.10.9,0,21.018
2010.10.10,6.623809524,20.82157895
2010.10.11,2.06,21.73226316
2010.10.12,12.57894737,19.34715789
2010.10.13,9.804761905,14.60015789
2010.10.14,1.3,14.45247368
2010.10.15,1.9,18.31347368
2010.10.16,0,17.53315789
2010.10.17,0,14.94421053
2010.10.18,0,14.84621053
2010.10.19,0,14.52147368
2010.10.20,0,13.30252632
2010.10.21,0,13.99042105
2010.10.22,0,13.74768421
2010.10.23,0.811111111,11.83568421
2010.10.24,3.035294118,11.05931579
2010.10.25,1.977777778,11.02010526
2010.10.26,0.957142857,11.39152632
2010.10.27,0.8,10.70842105
2010.10.28,0,9.082
2010.10.29,0,8.851947368
2010.10.30,0,10.54331579
2010.10.31,0,9.543684211
2010.11.1,0,10.53042105
2010.11.2,0,16.11221053
2010.11.3,0,17.01384211
2010.11.4,0,14.68857895
2010.11.5,0,14.32389474
2010.11.6,0,14.50694737
2010.11.7,0,14.23321053
2010.11.8,0,13.09510526
2010.11.9,0,11.63831579
2010.11.10,1.49,11.44810526
2010.11.11,1.45,13.12494737
2010.11.12,0,14.34126316
2010.11.13,1.228571429,15.67721053
2010.11.14,8.25,16.68031579
2010.11.15,1.533333333,15.04257895
2010.11.16,0.5,12.63773684
2010.11.17,0,11.00484211
2010.11.18,0,9.494
2010.11.19,0,10.64147368
2010.11.20,0,10.18105263
2010.11.21,0,7.220578947
2010.11.22,0,6.903578947
2010.11.23,0,6.287578947
2010.11.24,0,7.876157895
2010.11.25,0,4.776368421
2010.11.26,0,6.681315789
2010.11.27,0,6.184526316
2010.11.28,0,9.005578947
2010.11.29,0,9.354052632
2010.11.30,0,9.126947368
2010.12.1,0,9.211368421
2010.12.2,0,9.965157895
2010.12.3,0,9.624736842
2010.12.4,0,9.575894737
2010.12.5,0,10.30931579
2010.12.6,0,7.396368421
2010.12.7,0,6.273
2010.12.8,0,8.990157895
2010.12.9,0,8.898526316
2010.12.10,0,8.554157895
2010.12.11,1.014285714,9.578368421
2010.12.12,6.088888889,9.446263158
2010.12.13,3.34,8.075263158
2010.12.14,4.836842105,6.985578947
2010.12.15,2.823529412,6.572052632
2010.12.16,0,6.707105263
2010.12.17,0,7.480578947
2010.12.18,0,8.602
2010.12.19,0,7.828473684
2010.12.20,0,7.465789474
2010.12.21,0,7.001157895
2010.12.22,0,6.653736842
2010.12.23,2.615384615,5.870578947
2010.12.24,2.316666667,5.463368421
2010.12.25,0,5.417315789
2010.12.26,0,5.263157895
2010.12.27,0,5.884789474
2010.12.28,0,6.113263158
2010.12.29,0,6.068421053
2010.12.30,0,5.360526316
2010.12.31,0,5.229842105
2011.1.1,0.7,5.789866667
2011.1.2,1.145,5.903733333
2011.1.3,0.2,6.398266667
2011.1.4,0.35,7.263733333
2011.1.5,0.766666667,8.1274
2011.1.6,0,8.7636
2011.1.7,0,8.767133333
2011.1.8,0,10.317
2011.1.9,0,8.5974
2011.1.10,0,8.002666667
2011.1.11,0,6.399333333
2011.1.12,0,7.872933333
2011.1.13,0,6.319933333
2011.1.14,0,3.141
2011.1.15,0,2.928066667
2011.1.16,0,3.033866667
2011.1.17,2.228571429,4.395266667
2011.1.18,0.547058824,4.492533333
2011.1.19,7.27,5.3682
2011.1.20,1.7,3.659333333
2011.1.21,0,3.650933333
2011.1.22,0,4.030733333
2011.1.23,0,2.911866667
2011.1.24,0,3.655666667
2011.1.25,0,4.397866667
2011.1.26,0.2,3.644266667
2011.1.27,6.204761905,4.298066667
2011.1.28,0.838461538,3.953666667
2011.1.29,0,3.282
2011.1.30,0,4.384666667
2011.1.31,0,5.861933333
2011.2.1,0,3.261866667
2011.2.2,0,2.592466667
2011.2.3,0,2.059266667
2011.2.4,0,2.376
2011.2.5,0,3.6064
2011.2.6,0,3.945533333
2011.2.7,0.2,3.756266667
2011.2.8,0.2,3.171466667
2011.2.9,8.952380952,2.690066667
2011.2.10,0.8875,3.161333333
2011.2.11,0,2.675
2011.2.12,0,2.496466667
2011.2.13,0,2.2502
2011.2.14,0,3.7162
2011.2.15,0.2,6.191666667
2011.2.16,0.233333333,5.182066667
2011.2.17,0,4.485466667
2011.2.18,0,4.9884
2011.2.19,0,5.328666667
2011.2.20,0,5.7478
2011.2.21,0,4.788733333
2011.2.22,0,4.374466667
2011.2.23,0,4.0492
2011.2.24,0,3.852333333
2011.2.25,5.776190476,4.276466667
2011.2.26,2.14,4.045133333
2011.2.27,1.79,3.997666667
2011.2.28,3.642857143,4.730933333
2011.3.1,0.975,5.5344
2011.3.2,0,5.0762
2011.3.3,0,5.039466667
2011.3.4,0.2,4.241133333
2011.3.5,0,3.857266667
2011.3.6,1.5,3.9292
2011.3.7,0,5.550933333
2011.3.8,0,5.835933333
2011.3.9,0,4.3822
2011.3.10,0,6.873666667
2011.3.11,0,8.087533333
2011.3.12,0,7.232933333
2011.3.13,0.622222222,5.827466667
2011.3.14,2.866666667,4.765733333
2011.3.15,0.2,4.7616
2011.3.16,0,2.490066667
2011.3.17,0,2.0288
2011.3.18,1.376923077,1.361133333
2011.3.19,4.476190476,1.353266667
2011.3.20,20.8047619,1.968733333
2011.3.21,18.265,2.290133333
2011.3.22,2.266666667,4.197
2011.3.23,0,6.007866667
2011.3.24,0,4.990533333
2011.3.25,0,3.091666667
2011.3.26,0,2.715533333
2011.3.27,0,2.653333333
2011.3.28,0,3.584866667
2011.3.29,0,3.1862
2011.3.30,0,5.236866667
2011.3.31,0,3.8954
2011.4.1,0,2.271266667
2011.4.2,7.685714286,2.3518
2011.4.3,0.5,4.363133333
2011.4.4,0,7.198666667
2011.4.5,0.7,7.562866667
2011.4.6,3.885714286,8.344666667
2011.4.7,0.35,7.497866667
2011.4.8,0,7.582266667
2011.4.9,0,6.887
2011.4.10,0,7.578066667
2011.4.11,0,8.025266667
2011.4.12,0,8.629533333
2011.4.13,0,8.952666667
2011.4.14,0,9.163866667
2011.4.15,0.566666667,9.8336
2011.4.16,0,9.7798
2011.4.17,1.5,12.52913333
2011.4.18,0,10.5758
2011.4.19,0,13.1838
2011.4.20,0.3,17.26773333
2011.4.21,0.9,16.05473333
2011.4.22,0,22.10066667
2011.4.23,0,25.0774
2011.4.24,0,25.98966667
2011.4.25,0,27.48373333
2011.4.26,5.957142857,31.58053333
2011.4.27,0.5,35.403
2011.4.28,0,35.00366667
2011.4.29,0,38.195
2011.4.30,7.828571429,37.285
2011.5.1,0,38.30273333
2011.5.2,11.74615385,36.97726667
2011.5.3,0,37.82533333
2011.5.4,0.1,42.16746667
2011.5.5,0,40.36426667
2011.5.6,0,37.46333333
2011.5.7,0,41.7498
2011.5.8,4.175,39.02413333
2011.5.9,5.9,40.64326667
2011.5.10,31.41538462,42.74526667
2011.5.11,0.766666667,43.21873333
2011.5.12,0.5,42.13593333
2011.5.13,0.3,35.549
2011.5.14,0.466666667,33.28313333
2011.5.15,0,34.39613333
2011.5.16,0,37.89073333
2011.5.17,0,39.3192
2011.5.18,0,41.71006667
2011.5.19,0,42.74033333
2011.5.20,6.354545455,41.463
2011.5.21,16.23461538,45.3566
2011.5.22,18.20384615,47.14
2011.5.23,2.525,40.06293333
2011.5.24,0.6,39.85173333
2011.5.25,0.425,38.88306667
2011.5.26,0.2,42.77406667
2011.5.27,0,44.06626667
2011.5.28,0,44.07833333
2011.5.29,0,42.77292857
2011.5.30,2.86,43.90673333
2011.5.31,2.46,42.9308
2011.6.1,0,45.7034
2011.6.2,0,42.35513333
2011.6.3,8.924,40.48033333
2011.6.4,7.1,41.68033333
2011.6.5,1.6,39.65006667
2011.6.6,1.823809524,36.57133333
2011.6.7,0.5,31.1758
2011.6.8,0,32.45886667
2011.6.9,25.81923077,31.68386667
2011.6.10,20.43461538,31.51633333
2011.6.11,0,30.6858
2011.6.12,2.2,28.6508
2011.6.13,16.87692308,23.3178
2011.6.14,16.8,19.40453333
2011.6.15,1.135714286,22.092
2011.6.16,3.13,25.97913333
2011.6.17,71.26153846,23.228
2011.6.18,43.37307692,84.10466667
2011.6.19,0,94.06733333
2011.6.20,14.42173913,48.36533333
2011.6.21,3.234615385,45.824
2011.6.22,5.325,31.54313333
2011.6.23,18.848,28.71486667
2011.6.24,40.10769231,48.62626667
2011.6.25,1.8625,68.61433333
2011.6.26,0,47.95666667
2011.6.27,1.0125,31.07366667
2011.6.28,2.708333333,23.06333333
2011.6.29,10.04545455,19.37566667
2011.6.30,11.33333333,16.364
2011.7.1,0,14.3568
2011.7.2,0,17.50606667
2011.7.3,0.2,16.83366667
2011.7.4,6.32,12.676
2011.7.5,0.15,13.22053333
2011.7.6,4.7,16.35093333
2011.7.7,12.2375,11.63433333
2011.7.8,0,10.5388
2011.7.9,0,9.070133333
2011.7.10,3.081818182,8.933133333
2011.7.11,16.8826087,10.79953333
2011.7.12,0.442857143,9.335933333
2011.7.13,3.468181818,8.040266667
2011.7.14,1.4875,11.39886667
2011.7.15,2.182352941,12.58273333
2011.7.16,2.15625,16.1756
2011.7.17,14.08695652,20.03026667
2011.7.18,14.592,17.59506667
2011.7.19,1.273684211,24.0832
2011.7.20,0,22.45773333
2011.7.21,1,15.03946667
2011.7.22,0,15.33066667
2011.7.23,9.883333333,14.46086667
2011.7.24,0,19.51053333
2011.7.25,4.472727273,17.6646
2011.7.26,38.98846154,20.264
2011.7.27,7.488888889,18.4462
2011.7.28,12.08666667,17.72028571
2011.7.29,3.942857143,15.9516
2011.7.30,11.32,17.21633333
2011.7.31,4.0625,16.36566667
2011.8.1,17.864,16.567
2011.8.2,31.668,16.46273333
2011.8.3,5.546153846,36.21593333
2011.8.4,0.5,36.2722
2011.8.5,0,27.0876
2011.8.6,9.945454545,28.9018
2011.8.7,4.082352941,28.20646667
2011.8.8,6.257894737,23.53346667
2011.8.9,3.5625,17.5822
2011.8.10,54.21923077,17.50353333
2011.8.11,7.761904762,41.51193333
2011.8.12,0,56.06966667
2011.8.13,0,40.77346667
2011.8.14,0,32.89806667
2011.8.15,0,22.5144
2011.8.16,0,14.785
2011.8.17,1,13.73526667
2011.8.18,2.8,11.93613333
2011.8.19,0.7,9.8896
2011.8.20,1.4875,8.789533333
2011.8.21,5.580769231,7.494866667
2011.8.22,8.780769231,6.907
2011.8.23,41.45769231,7.216666667
2011.8.24,1.2125,12.5696
2011.8.25,5.272,24.2862
2011.8.26,12.30769231,27.83186667
2011.8.27,5.75625,31.0152
2011.8.28,9.481818182,33.82853333
2011.8.29,11.32222222,29.03253333
2011.8.30,6.764,36.4312
2011.8.31,3.39047619,33.53953333
2011.9.1,0,20.23813333
2011.9.2,0,15.42366667
2011.9.3,0,10.2992
2011.9.4,0,9.359
2011.9.5,0,9.397666667
2011.9.6,0.875,7.805
2011.9.7,10.09230769,7.165066667
2011.9.8,5.042307692,9.265533333
2011.9.9,8.2,7.833733333
2011.9.10,1.48,16.23166667
2011.9.11,1.471428571,17.97586667
2011.9.12,11.77,17.04146667
2011.9.13,11.35714286,15.1662
2011.9.14,12.17692308,12.59693333
2011.9.15,7.03,19.33833333
2011.9.16,0.871428571,24.70766667
2011.9.17,3.746153846,33.6744
2011.9.18,2.366666667,18.2242
2011.9.19,3.711538462,10.9948
2011.9.20,0.54,9.893066667
2011.9.21,1,8.893333333
2011.9.22,0,9.178266667
2011.9.23,0,7.628866667
2011.9.24,0,9.5548
2011.9.25,0,11.32073333
2011.9.26,0,10.7372
2011.9.27,1.536363636,11.78473333
2011.9.28,2.082352941,11.38586667
2011.9.29,24.93846154,8.3594
2011.9.30,12.808,8.853066667
2011.10.1,13.22173913,10.1804
2011.10.2,12.06086957,11.81573333
2011.10.3,0.735714286,11.48113333
2011.10.4,0,16.90046667
2011.10.5,0,12.18926667
2011.10.6,0,10.86226667
2011.10.7,0,11.0872
2011.10.8,0,8.7152
2011.10.9,0,5.818866667
2011.10.10,0.675,3.882666667
2011.10.11,3.483333333,4.606533333
2011.10.12,3.813636364,7.440133333
2011.10.13,0.566666667,4.9596
2011.10.14,0.5,6.237
2011.10.15,0,5.296066667
2011.10.16,0,5.344066667
2011.10.17,0,5.328
2011.10.18,0,5.0822
2011.10.19,0.3,5.880133333
2011.10.20,0.6,5.044333333
2011.10.21,0,4.413533333
2011.10.22,1.75,4.478066667
2011.10.23,27.26521739,5.126266667
2011.10.24,3.095,4.713857143
2011.10.25,0,4.226
2011.10.26,0.733333333,5.641066667
2011.10.27,0.846153846,7.9558
2011.10.28,2.618181818,6.6778
2011.10.29,0.633333333,7.113733333
2011.10.30,0.5,7.660466667
2011.10.31,0,12.2436
2011.11.1,0,7.8472
2011.11.2,0,6.9802
2011.11.3,0.2,6.417266667
2011.11.4,12.08571429,7.806466667
2011.11.5,3.752380952,7.296333333
2011.11.6,2.69,7.0722
2011.11.7,12.33333333,7.6748
2011.11.8,3.082352941,6.607133333
2011.11.9,0.35,6.1192
2011.11.10,0,6.996333333
2011.11.11,0,6.105066667
2011.11.12,0,4.2986
2011.11.13,0,4.0758
2011.11.14,0,3.911
2011.11.15,0,3.465466667
2011.11.16,0.7,3.515466667
2011.11.17,1.033333333,4.073333333
2011.11.18,4.736363636,5.0602
2011.11.19,0.7,6.134133333
2011.11.20,0,7.981666667
2011.11.21,0.3,7.661066667
2011.11.22,0,7.4866
2011.11.23,0,7.616533333
2011.11.24,0,6.756066667
2011.11.25,0,4.859733333
2011.11.26,0,5.709466667
2011.11.27,0,4.694333333
2011.11.28,5.083333333,3.300133333
2011.11.29,9.285714286,3.096066667
2011.11.30,13.7952381,3.526733333
2011.12.1,0,4.600333333
2011.12.2,1,7.458733333
2011.12.3,0,7.681266667
2011.12.4,0.4,6.625933333
2011.12.5,0.416666667,6.3234
2011.12.6,6.643333333,9.0558
2011.12.7,5.814285714,7.421066667
2011.12.8,0,4.259733333
2011.12.9,0,4.1636
2011.12.10,0,4.673066667
2011.12.11,0,5.255866667
2011.12.12,0,4.901733333
2011.12.13,0,4.318
2011.12.14,0,3.9422
2011.12.15,0,4.6824
2011.12.16,0,5.9842
2011.12.17,0,6.632666667
2011.12.18,0,6.131266667
2011.12.19,0,4.733
2011.12.20,1,2.844133333
2011.12.21,0,2.480066667
2011.12.22,0,2.636333333
2011.12.23,0,2.533133333
2011.12.24,0,2.756133333
2011.12.25,0,2.240466667
2011.12.26,0,2.5964
2011.12.27,0,2.978666667
2011.12.28,0,2.440533333
2011.12.29,0.425,1.969933333
2011.12.30,0.4,2.472333333
2011.12.31,0,2.5964
2012.1.1,0,3.434235294
2012.1.2,0,3.951058824
2012.1.3,0,2.678
2012.1.4,0,5.763117647
2012.1.5,0,4.516235294
2012.1.6,0,4.980352941
2012.1.7,0,5.146411765
2012.1.8,0,3.752117647
2012.1.9,0,8.540176471
2012.1.10,0,13.79494118
2012.1.11,0,6.807294118
2012.1.12,0.766666667,5.748588235
2012.1.13,4.027272727,5.973470588
2012.1.14,2.49,6.546470588
2012.1.15,1.45,5.838588235
2012.1.16,0.275,8.952882353
2012.1.17,1.2875,10.25794118
2012.1.18,2.472727273,10.66605882
2012.1.19,4.072727273,9.822882353
2012.1.20,3.9,9.500176471
2012.1.21,6.781818182,12.17141176
2012.1.22,0.2,11.40394118
2012.1.23,0,9.026352941
2012.1.24,0,8.224529412
2012.1.25,0,8.196411765
2012.1.26,0,7.441529412
2012.1.27,0.45,8.142941176
2012.1.28,2.022222222,8.927
2012.1.29,3.627272727,9.090294118
2012.1.30,1.125,10.40382353
2012.1.31,0,10.73488235
2012.2.1,1.36,8.902176471
2012.2.2,0,9.414470588
2012.2.3,0,9.434705882
2012.2.4,0,8.718764706
2012.2.5,6.254545455,9.713411765
2012.2.6,0.225,7.245294118
2012.2.7,0,5.431470588
2012.2.8,0,5.118176471
2012.2.9,0.15,5.832529412
2012.2.10,0.2,4.786117647
2012.2.11,0.1,3.676764706
2012.2.12,1.216666667,4.588823529
2012.2.13,5.145454545,5.442058824
2012.2.14,11.00909091,5.442588235
2012.2.15,6.490909091,5.574294118
2012.2.16,0.4,7.862352941
2012.2.17,0,7.659058824
2012.2.18,0,4.904411765
2012.2.19,0,5.368882353
2012.2.20,0.8,6.335647059
2012.2.21,1.444444444,6.593941176
2012.2.22,9.927272727,7.902882353
2012.2.23,1.43,6.549588235
2012.2.24,1.4,5.837176471
2012.2.25,1.475,5.614470588
2012.2.26,0,4.676352941
2012.2.27,1.333333333,4.177647059
2012.2.28,1.671428571,3.711235294
2012.2.29,1.36,3.839176471
2012.3.1,0.96,4.695352941
2012.3.2,2.48,4.542411765
2012.3.3,6.963636364,3.735411765
2012.3.4,6.363636364,4.070764706
2012.3.5,0.225,4.584764706
2012.3.6,3.463636364,5.188588235
2012.3.7,7.081818182,4.653117647
2012.3.8,2.94,5.42
2012.3.9,0,9.947823529
2012.3.10,0,11.51147059
2012.3.11,0,14.90288235
2012.3.12,0,8.736235294
2012.3.13,0,6.459411765
2012.3.14,1.690909091,7.370941176
2012.3.15,4.072727273,6.371117647
2012.3.16,0.4,5.632058824
2012.3.17,2.74,4.705705882
2012.3.18,0.34,5.283705882
2012.3.19,12.46363636,5.494823529
2012.3.20,0.55,5.298470588
2012.3.21,12.74545455,5.546529412
2012.3.22,29.46363636,13.94058824
2012.3.23,0.525,32.67411765
2012.3.24,0,36.71882353
2012.3.25,0,33.53352941
2012.3.26,0,32.44764706
2012.3.27,0,28.83770588
2012.3.28,0.2,27.52970588
2012.3.29,5.536363636,27.12417647
2012.3.30,15.48181818,24.547
2012.3.31,0,26.887
2012.4.1,0,24.46435294
2012.4.2,2.485714286,15.29047059
2012.4.3,0,10.73829412
2012.4.4,0,10.01717647
2012.4.5,0,8.224705882
2012.4.6,0,8.495823529
2012.4.7,0,7.442352941
2012.4.8,0,8.931529412
2012.4.9,1.936363636,9.547352941
2012.4.10,3.5,8.865588235
2012.4.11,0.5,10.89258824
2012.4.12,9.218181818,12.39758824
2012.4.13,0,17.10911765
2012.4.14,0.5,18.72629412
2012.4.15,0,16.17958824
2012.4.16,0,15.85311765
2012.4.17,0,12.39635294
2012.4.18,0,11.66288235
2012.4.19,0,8.997352941
2012.4.20,3.618181818,7.809058824
2012.4.21,0,8.014647059
2012.4.22,0,8.655
2012.4.23,9.509090909,10.15711765
2012.4.24,8.509090909,15.05311765
2012.4.25,0,20.39552941
2012.4.26,0,23.90335294
2012.4.27,3,20.36
2012.4.28,6.854545455,22.36788235
2012.4.29,1.2,24.33317647
2012.4.30,8.954545455,24.85729412
2012.5.1,1.15,25.53329412
2012.5.2,1,26.51941176
2012.5.3,2.464285714,29.20035294
2012.5.4,0,29.24747059
2012.5.5,0,26.06429412
2012.5.6,0,26.797
2012.5.7,24.25,25.48482353
2012.5.8,1.0125,32.79058824
2012.5.9,0,38.52094118
2012.5.10,0,35.44323529
2012.5.11,0,33.14747059
2012.5.12,12.05714286,31.49435294
2012.5.13,13.43571429,29.56917647
2012.5.14,7.321428571,29.21164706
2012.5.15,0,32.31923529
2012.5.16,0,34.08917647
2012.5.17,0,34.26805882
2012.5.18,16.99230769,34.43482353
2012.5.19,2.727272727,35.33247059
2012.5.20,0.5,36.11429412
2012.5.21,0,35.73941176
2012.5.22,3.128571429,39.18935294
2012.5.23,2.464285714,41.04111765
2012.5.24,3.571428571,41.03841176
2012.5.25,1.418181818,37.11217647
2012.5.26,0,41.19776471
2012.5.27,0,39.37435294
2012.5.28,0.5,37.08229412
2012.5.29,23.48571429,35.620375
2012.5.30,0.5,44.2382
2012.5.31,0,43.66052941
2012.6.1,2.161538462,49.08794118
2012.6.2,0,50.989
2012.6.3,1.125,48.31064706
2012.6.4,2.333333333,47.73823529
2012.6.5,3.55,47.867
2012.6.6,1.858333333,47.69747059
2012.6.7,1,47.36135294
2012.6.8,0,45.30352941
2012.6.9,0,44.30041176
2012.6.10,3.25,37.89623529
2012.6.11,0,33.05552941
2012.6.12,0,36.80729412
2012.6.13,0,35.37982353
2012.6.14,15.8,35.53529412
2012.6.15,0,32.22164706
2012.6.16,0,34.35052941
2012.6.17,0,34.81447059
2012.6.18,0,30.98623529
2012.6.19,0,32.42152941
2012.6.20,0,31.67617647
2012.6.21,0,32.49776471
2012.6.22,0,32.831
2012.6.23,0,31.38270588
2012.6.24,0,33.29617647
2012.6.25,4.607692308,33.35
2012.6.26,56.00714286,32.63217647
2012.6.27,10.95,35.79323529
2012.6.28,9.728571429,30.784
2012.6.29,1.1,28.09764706
2012.6.30,8.909090909,31.2559375
2012.7.1,3.033333333,28.40617647
2012.7.2,0,26.38494118
2012.7.3,0,23.71305882
2012.7.4,0,23.65558824
2012.7.5,0.7,26.91364706
2012.7.6,3.575,24.55264706
2012.7.7,31.5,22.11894118
2012.7.8,0,20.89941176
2012.7.9,0,22.83258824
2012.7.10,2.242857143,24.94288235
2012.7.11,14.025,24.44729412
2012.7.12,22.44285714,26.95947059
2012.7.13,85.12142857,34.76311765
2012.7.14,2.123076923,55.53352941
2012.7.15,0,26.52505882
2012.7.16,23,24.14223529
2012.7.17,1.25,25.38694118
2012.7.18,0,25.58976471
2012.7.19,0.5,22.32258824
2012.7.20,10.5,22.35852941
2012.7.21,11.1,24.46976471
2012.7.22,4.2,28.23970588
2012.7.23,9.241666667,33.915
2012.7.24,1.1,37.02670588
2012.7.25,8.7,42.32129412
2012.7.26,20,45.92394118
2012.7.27,4.825,43.95470588
2012.7.28,0,45.67970588
2012.7.29,8.75,47.639
2012.7.30,8.633333333,50.82541176
2012.7.31,10.83333333,54.07494118
2012.8.1,0,53.72925
2012.8.2,1.833333333,47.52758824
2012.8.3,24.65714286,48.87023529
2012.8.4,0.75,55.76276471
2012.8.5,0,54.53729412
2012.8.6,0.5,53.08517647
2012.8.7,0.5,54.86729412
2012.8.8,40.54166667,51.94117647
2012.8.9,150.9642857,73.31764706
2012.8.10,38.77857143,151.4282353
2012.8.11,38.71428571,164.1117647
2012.8.12,8.490909091,203.2647059
2012.8.13,19.2,157.1329412
2012.8.14,21.46666667,109.6150588
2012.8.15,1.181818182,93.48505882
2012.8.16,0.5,71.58747059
2012.8.17,17.1,48.24405882
2012.8.18,18.4375,41.41270588
2012.8.19,21.95454545,42.28276471
2012.8.20,5.546153846,43.30629412
2012.8.21,13.01428571,41.21170588
2012.8.22,2.708333333,43.96417647
2012.8.23,1.125,45.27929412
2012.8.24,0.75,60.08435294
2012.8.25,0,53.6033125
2012.8.26,25.3,39.81517647
2012.8.27,1.44,41.27029412
2012.8.28,1,40.68158824
2012.8.29,0,37.75076471
2012.8.30,0,35.82988235
2012.8.31,12.33333333,32.63982353
2012.9.1,15.07142857,31.90076471
2012.9.2,29.80769231,45.71247059
2012.9.3,4.8,19.16847059
2012.9.4,1,14.83876471
2012.9.5,0,12.37605882
2012.9.6,3.938461538,11.01788235
2012.9.7,1.04,10.85347059
2012.9.8,43.67857143,14.65217647
2012.9.9,2.25,48.26611765
2012.9.10,1,51.26823529
2012.9.11,7.292857143,30.78182353
2012.9.12,10.98571429,24.48329412
2012.9.13,1,20.652
2012.9.14,0.5,18.67558824
2012.9.15,1,15.72611765
2012.9.16,0,14.55858824
2012.9.17,0,11.43947059
2012.9.18,0,9.224235294
2012.9.19,0,8.840117647
2012.9.20,0,7.900941176
2012.9.21,2,8.241117647
2012.9.22,0,8.037529412
2012.9.23,0,7.493529412
2012.9.24,0,7.314823529
2012.9.25,0.5,7.393294118
2012.9.26,0,7.917882353
2012.9.27,0,6.301529412
2012.9.28,0,5.848588235
2012.9.29,0,9.199176471
2012.9.30,0,10.99505882
2012.10.1,0,12.95664706
2012.10.2,0,14.92482353
2012.10.3,0,14.95347059
2012.10.4,0,15.22758824
2012.10.5,1.7,13.52752941
2012.10.6,0,13.60894118
2012.10.7,0,12.94682353
2012.10.8,0.5,10.19294118
2012.10.9,0,9.572352941
2012.10.10,0,13.38629412
2012.10.11,0,14.34817647
2012.10.12,0,12.44105882
2012.10.13,0,14.28205882
2012.10.14,0,13.91464706
2012.10.15,18.70833333,11.68382353
2012.10.16,6.091666667,9.844294118
2012.10.17,0.5,12.14252941
2012.10.18,0,11.65
2012.10.19,0,7.569882353
2012.10.20,0.5,8.117294118
2012.10.21,19.60833333,6.526823529
2012.10.22,0.5,5.697823529
2012.10.23,4,3.504176471
2012.10.24,0.9,2.825470588
2012.10.25,5.466666667,3.189588235
2012.10.26,15,4.378941176
2012.10.27,0.3,5.878705882
2012.10.28,1.3,7.740941176
2012.10.29,21.98333333,6.733294118
2012.10.30,0.75,7.437294118
2012.10.31,3,11.04817647
2012.11.1,0,11.36270588
2012.11.2,0,10.95770588
2012.11.3,10.64545455,9.335411765
2012.11.4,0,8.086117647
2012.11.5,0,7.257058824
2012.11.6,0.5,6.886823529
2012.11.7,0.766666667,6.576705882
2012.11.8,0.7,5.281
2012.11.9,5.309090909,5.209823529
2012.11.10,1,5.508470588
2012.11.11,0,5.559882353
2012.11.12,0.5,5.445588235
2012.11.13,0,5.106058824
2012.11.14,0,4.955882353
2012.11.15,0.5,5.034176471
2012.11.16,1.227272727,4.528941176
2012.11.17,0,4.936176471
2012.11.18,0,5.424941176
2012.11.19,0,5.170941176
2012.11.20,4.481818182,5.285764706
2012.11.21,0.536363636,5.477117647
2012.11.22,16.14545455,5.614352941
2012.11.23,2.872727273,5.744941176
2012.11.24,7.190909091,6.300882353
2012.11.25,2.054545455,6.030117647
2012.11.26,0.55,6.022117647
2012.11.27,1,5.615588235
2012.11.28,0.875,5.778352941
2012.11.29,3.172727273,5.898235294
2012.11.30,0.955555556,5.138117647
2012.12.1,7.481818182,4.095764706
2012.12.2,0,3.787588235
2012.12.3,0,3.604529412
2012.12.4,1.6,4.025235294
2012.12.5,0,4.663529412
2012.12.6,0,4.337235294
2012.12.7,0,3.581588235
2012.12.8,0,2.929117647
2012.12.9,0,2.815647059
2012.12.10,0,2.431294118
2012.12.11,0,2.892764706
2012.12.12,0,2.794
2012.12.13,11.61818182,2.425588235
2012.12.14,9.772727273,3.415411765
2012.12.15,0.64,5.861411765
2012.12.16,0.825,5.954882353
2012.12.17,19.43636364,7.602235294
2012.12.18,1.5,7.682882353
2012.12.19,0,8.104
2012.12.20,2.427272727,25.47017647
2012.12.21,0.433333333,7.393352941
2012.12.22,0.975,6.386294118
2012.12.23,0,5.886529412
2012.12.24,0,5.560235294
2012.12.25,2.636363636,6.138705882
2012.12.26,3.445454545,6.104
2012.12.27,0.68,5.162411765
2012.12.28,8.654545455,4.388529412
2012.12.29,3.7,4.008823529
2012.12.30,0,4.418235294
2012.12.31,0,4.841823529
2013.1.1,0,6.10145
2013.1.2,0.2,6.7146
2013.1.3,0,7.26325
2013.1.4,0,7.72855
2013.1.5,0,6.0114
2013.1.6,0,5.5634
2013.1.7,0,5.9252
2013.1.8,0,6.4304
2013.1.9,0,7.8719
2013.1.10,0,6.8896
2013.1.11,0,7.027
2013.1.12,0,6.94195
2013.1.13,0,7.0034
2013.1.14,0,6.39205
2013.1.15,0,7.2179
2013.1.16,0,7.44595
2013.1.17,0,6.59055
2013.1.18,0,5.74655
2013.1.19,0.55,6.3102
2013.1.20,2.955555556,6.0625
2013.1.21,2.094444444,6.4559
2013.1.22,0,6.489
2013.1.23,0,6.7503
2013.1.24,0,6.17255
2013.1.25,0.4,6.4215
2013.1.26,0,5.7085
2013.1.27,0,7.04025
2013.1.28,0.9,6.79495
2013.1.29,0,6.68455
2013.1.30,8.555,6.908
2013.1.31,24.975,7.9627
2013.2.1,0.45,11.37665
2013.2.2,1,11.9395
2013.2.3,1.535714286,12.55195
2013.2.4,8.29,11.96715
2013.2.5,1.733333333,12.21485
2013.2.6,2.211111111,14.1756
2013.2.7,5.3,13.89155
2013.2.8,2.375,13.6827
2013.2.9,0,12.76225
2013.2.10,0,11.53285
2013.2.11,1.915789474,32.61965
2013.2.12,0,10.54255
2013.2.13,0,9.69235
2013.2.14,0.35,9.26265
2013.2.15,0,8.9465
2013.2.16,1.066666667,9.51775
2013.2.17,2.86,9.77695
2013.2.18,27.13157895,9.71895
2013.2.19,0.4,9.3891
2013.2.20,0,10.4217
2013.2.21,0,11.65595
2013.2.22,0,12.48465
2013.2.23,0,12.80225
2013.2.24,0,9.6411
2013.2.25,4.66,8.27045
2013.2.26,0.583333333,8.90475
2013.2.27,0,8.47355
2013.2.28,11.63684211,8.16725
2013.3.1,1.4,8.4548
2013.3.2,0,10.14245
2013.3.3,0,10.12175
2013.3.4,0,8.715
2013.3.5,0,8.4256
2013.3.6,0,8.7202
2013.3.7,0,8.37265
2013.3.8,0,9.91795
2013.3.9,0,8.71505
2013.3.10,3.422222222,7.89755
2013.3.11,0.3,6.4614
2013.3.12,7.55,4.71285
2013.3.13,0.581818182,5.35705
2013.3.14,0,5.27885
2013.3.15,2.46,6.49705
2013.3.16,18.485,7.6018
2013.3.17,12.085,8.9149
2013.3.18,0.5,10.1637
2013.3.19,0.866666667,10.46325
2013.3.20,1.15,12.53775
2013.3.21,0.622222222,14.83775
2013.3.22,2.745454545,14.01155
2013.3.23,1.936363636,13.52705
2013.3.24,0.92,12.8239
2013.3.25,7.568421053,12.9879
2013.3.26,0.4,13.3901
2013.3.27,0,14.0588
2013.3.28,0,11.36455
2013.3.29,0,10.0247
2013.3.30,0.45,15.85535
2013.3.31,0,16.1392
2013.4.1,1.833333333,10.8365
2013.4.2,0,11.83005
2013.4.3,0,11.1157
2013.4.4,6.2,9.05505
2013.4.5,9.166666667,8.071
2013.4.6,0,8.0017
2013.4.7,0,5.85345
2013.4.8,0,4.16495
2013.4.9,0,4.50675
2013.4.10,3,4.43925
2013.4.11,3,5.972
2013.4.12,0,5.9086
2013.4.13,0,4.4432
2013.4.14,0,2.498
2013.4.15,0,2.4557
2013.4.16,0,2.99625
2013.4.17,1,3.14115
2013.4.18,1.6,2.811
2013.4.19,7.62,2.44355
2013.4.20,0.5,3.1356
2013.4.21,1.282352941,2.7226
2013.4.22,16.65,8.17895
2013.4.23,0.833333333,16.9684
2013.4.24,0.5,15.3238
2013.4.25,0,14.44225
2013.4.26,0,15.44895
2013.4.27,0,16.01645
2013.4.28,2.95,14.96821053
2013.4.29,11.89,17.2999
2013.4.30,0,19.4778
2013.5.1,0,23.6301
2013.5.2,0,43.96025
2013.5.3,0,43.22284211
2013.5.4,2.5,40.5981
2013.5.5,1.758333333,33.4374
2013.5.6,2.5,27.5264
2013.5.7,26.8625,31.4988
2013.5.8,26.29583333,32.76535
2013.5.9,12.76956522,46.0775
2013.5.10,0.5,89.7425
2013.5.11,0,39.19075
2013.5.12,0,36.0214
2013.5.13,0,34.34085
2013.5.14,3.875,35.65295
2013.5.15,28.27916667,40.2073
2013.5.16,3.53,41.79475
2013.5.17,5.004347826,41.43355
2013.5.18,1.114285714,41.3353
2013.5.19,0,40.58725
2013.5.20,0,41.188
2013.5.21,0,41.3157
2013.5.22,0,40.60825
2013.5.23,0,40.0703
2013.5.24,10.775,57.28775
2013.5.25,16.89583333,44.11315
2013.5.26,28.36666667,47.17675
2013.5.27,0.85,51.83385
2013.5.28,0.98,53.8938
2013.5.29,23.675,50.25205
2013.5.30,2.1,51.3808
2013.5.31,0.6125,50.86395
2013.6.1,2.391666667,47.8322
2013.6.2,0.5,45.9852
2013.6.3,0,45.46695
2013.6.4,0.5,45.39615
2013.6.5,0,49.5298
2013.6.6,36.20416667,51.81415
2013.6.7,6.838095238,54.6842
2013.6.8,2.933333333,51.05585
2013.6.9,1.705263158,47.23525
2013.6.10,8.0125,43.7284
2013.6.11,0.46,42.18145
2013.6.12,0,43.1918
2013.6.13,0,41.55855
2013.6.14,0.5,37.3858
2013.6.15,0,34.50245
2013.6.16,0.5,36.00585
2013.6.17,0,44.03255
2013.6.18,0,64.3842
2013.6.19,24.55,73.6282
2013.6.20,0.875,65.5168
2013.6.21,0,48.61275
2013.6.22,6.555,34.24085
2013.6.23,21.6,30.6477
2013.6.24,28.74583333,48.7037
2013.6.25,25.32083333,88.8395
2013.6.26,0.916666667,143.73
2013.6.27,0.8,137.71
2013.6.28,0,73.4457
2013.6.29,0,44.9975
2013.6.30,4.252941176,37.5661
2013.7.1,0,39.39631579
2013.7.2,0,39.9322
2013.7.3,0,32.99235
2013.7.4,0.6,31.5686
2013.7.5,74.3,32.0879
2013.7.6,63.63333333,86.2705
2013.7.7,29.84782609,264.6855
2013.7.8,0,254.8355
2013.7.9,0,99.668
2013.7.10,0,65.3085
2013.7.11,1.5,57.95865
2013.7.12,5.75,85.9034
2013.7.13,1.375,109.176
2013.7.14,1.94,75.0902
2013.7.15,1.3,64.7991
2013.7.16,1.96,57.3501
2013.7.17,10.76086957,34.52855
2013.7.18,10.06,34.4497
2013.7.19,2.275,34.7636
2013.7.20,24.69583333,34.3521
2013.7.21,9.989473684,31.80815
2013.7.22,6.28,34.58525
2013.7.23,0,38.14175
2013.7.24,0,37.1002
2013.7.25,0,35.8861
2013.7.26,0,38.4096
2013.7.27,0,39.57445
2013.7.28,0,38.3625
2013.7.29,0,41.4171
2013.7.30,2.1,46.10295
2013.7.31,1.1,49.97825
2013.8.1,7,56.32805
2013.8.2,10.8,60.3459
2013.8.3,2.009090909,65.0373
2013.8.4,0.8375,65.0971
2013.8.5,0,66.88025
2013.8.6,0,67.57145
2013.8.7,0,69.4489
2013.8.8,0,66.78485
2013.8.9,0,68.8259
2013.8.10,6.133333333,70.4785
2013.8.11,4.877777778,73.24035
2013.8.12,4.225,69.2884
2013.8.13,0,71.8325
2013.8.14,6,66.4212
2013.8.15,3.092857143,66.1597
2013.8.16,3.1,62.7952
2013.8.17,7,60.04085
2013.8.18,8.353333333,59.8036
2013.8.19,22.49090909,59.9676
2013.8.20,2.3375,60.7824
2013.8.21,3.666666667,60.03025
2013.8.22,45.62083333,57.028
2013.8.23,13.14285714,53.13615
2013.8.24,15.64090909,35.90855
2013.8.25,45.86666667,39.7986
2013.8.26,13.57692308,62.28535
2013.8.27,0.5,51.0941
2013.8.28,5.88,36.4709
2013.8.29,3.1,29.6441
2013.8.30,0,25.0611
2013.8.31,0,22.8876
2013.9.1,0,19.79247368
2013.9.2,0,18.81452632
2013.9.3,0,14.96663158
2013.9.4,18.11666667,10.98821053
2013.9.5,10.02173913,10.53952632
2013.9.6,1.734782609,9.449421053
2013.9.7,0.65,39.85015789
2013.9.8,0,41.91863158
2013.9.9,7.845454545,8.494526316
2013.9.10,17.68333333,8.792894737
2013.9.11,3.0375,12.40647368
2013.9.12,3.066666667,12.60010526
2013.9.13,0.5,14.316
2013.9.14,0,13.54089474
2013.9.15,0,11.55542105
2013.9.16,0,9.722684211
2013.9.17,0,9.970052632
2013.9.18,0,19.64288889
2013.9.19,0,8.799473684
2013.9.20,0.5,8.016388889
2013.9.21,1.45,9.418
2013.9.22,2.215789474,6.849842105
2013.9.23,50.9875,6.742842105
2013.9.24,17.38333333,9.670526316
2013.9.25,0.4,15.45252632
2013.9.26,0.4,13.94747368
2013.9.27,7.570833333,12.00621053
2013.9.28,0.5,8.856315789
2013.9.29,0,6.295277778
2013.9.30,0.5,6.499052632
2013.10.1,0,6.791210526
2013.10.2,0,7.566
2013.10.3,0,6.626
2013.10.4,0.5,5.321947368
2013.10.5,0,4.606631579
2013.10.6,4.611764706,4.648526316
2013.10.7,23.33157895,4.991947368
2013.10.8,2.466666667,6.769947368
2013.10.9,0.5,7.630789474
2013.10.10,0,4.911894737
2013.10.11,0,5.149421053
2013.10.12,0.5,5.983736842
2013.10.13,0,6.056105263
2013.10.14,3.247368421,5.593473684
2013.10.15,1.585714286,5.465789474
2013.10.16,0.56,4.984789474
2013.10.17,0,6.101473684
2013.10.18,0,6.896368421
2013.10.19,0,6.060842105
2013.10.20,0,6.242578947
2013.10.21,0,6.261684211
2013.10.22,0,5.001894737
2013.10.23,0,4.631736842
2013.10.24,0,3.886631579
2013.10.25,0,3.270315789
2013.10.26,0,4.495578947
2013.10.27,0,3.866421053
2013.10.28,0,3.711894737
2013.10.29,2.35,5.331631579
2013.10.30,5.2,4.143473684
2013.10.31,1.394736842,3.209631579
2013.11.1,6.4,3.444421053
2013.11.2,1.006666667,4.266789474
2013.11.3,0.44,3.907947368
2013.11.4,0,4.188157895
2013.11.5,0,3.634157895
2013.11.6,0,2.783736842
2013.11.7,0,3.793631579
2013.11.8,2.24375,4.174
2013.11.9,11.02,4.062157895
2013.11.10,1.014285714,3.58
2013.11.11,3.141176471,3.276157895
2013.11.12,1.278571429,2.793
2013.11.13,1.405263158,2.359947368
2013.11.14,0,2.335555556
2013.11.15,0,2.713789474
2013.11.16,0,3.386157895
2013.11.17,0,4.798473684
2013.11.18,0,4.649578947
2013.11.19,0,2.823315789
2013.11.20,0,2.362368421
2013.11.21,0,3.534
2013.11.22,0.3,5.645842105
2013.11.23,6.845,5.512894737
2013.11.24,2.944444444,6.452631579
2013.11.25,0,5.527526316
2013.11.26,0.2,5.726210526
2013.11.27,0,4.205
2013.11.28,4,3.935368421
2013.11.29,0,3.453473684
2013.11.30,0,3.387315789
2013.12.1,0,3.648111111
2013.12.2,0,3.103421053
2013.12.3,0.3,3.768157895
2013.12.4,0,3.725631579
2013.12.5,0,2.138894737
2013.12.6,0,1.312368421
2013.12.7,0,1.338894737
2013.12.8,0.7125,1.576263158
2013.12.9,0.3,1.408105263
2013.12.10,0,1.845684211
2013.12.11,0,1.699157895
2013.12.12,0,1.527526316
2013.12.13,0,1.856947368
2013.12.14,0,1.978684211
2013.12.15,2.4,4.306157895
2013.12.16,6.272727273,6.341
2013.12.17,1.54,5.581526316
2013.12.18,1.23,4.473
2013.12.19,0,3.893684211
2013.12.20,0,4.047578947
2013.12.21,0,4.774105263
2013.12.22,0,4.791789474
2013.12.23,0,6.462894737
2013.12.24,0,6.164736842
2013.12.25,0,5.912894737
2013.12.26,0,6.031736842
2013.12.27,0,5.163210526
2013.12.28,0,4.456947368
2013.12.29,0,4.812263158
2013.12.30,0,4.720421053
2013.12.31,0,4.377368421
2014.1.1,0,6.74765
2014.1.2,0,5.96745
2014.1.3,0,8.2346
2014.1.4,0,7.8769
2014.1.5,0,6.60045
2014.1.6,3.266666667,6.6182
2014.1.7,14.35238095,6.13535
2014.1.8,1.505555556,7.72765
2014.1.9,0.4,6.0543
2014.1.10,1.64,4.6673
2014.1.11,0.388888889,4.19655
2014.1.12,0,5.52445
2014.1.13,0,6.4072
2014.1.14,0,6.4036
2014.1.15,0,7.64525
2014.1.16,0,7.4976
2014.1.17,0,7.89355
2014.1.18,0,7.39335
2014.1.19,0,5.87465
2014.1.20,0,4.4459
2014.1.21,0,3.20105
2014.1.22,0,2.77835
2014.1.23,0,2.55025
2014.1.24,0,1.978
2014.1.25,0,2.12385
2014.1.26,0,2.15745
2014.1.27,0,2.17815
2014.1.28,8.295238095,2.497
2014.1.29,0.2,8.9033
2014.1.30,0,2.1876
2014.1.31,0,1.7543
2014.2.1,0,1.7144
2014.2.2,0.58125,1.70065
2014.2.3,1.3,1.44035
2014.2.4,2.423809524,1.49235
2014.2.5,12.06190476,1.4819
2014.2.6,19.82857143,2.2957
2014.2.7,2.415789474,2.81345
2014.2.8,0.54,3.20745
2014.2.9,2.942857143,3.16005
2014.2.10,0.4,2.98455
2014.2.11,0,3.4476
2014.2.12,4.457142857,3.4126
2014.2.13,0.715384615,3.23775
2014.2.14,0.8,5.16665
2014.2.15,1.7,6.29145
2014.2.16,3.852380952,6.36025
2014.2.17,16.74761905,5.4955
2014.2.18,2.195238095,4.80065
2014.2.19,0,5.3971
2014.2.20,0,5.3109
2014.2.21,0,5.22015
2014.2.22,0,5.755
2014.2.23,0,5.51895
2014.2.24,15.95238095,5.3565
2014.2.25,1.165,5.7935
2014.2.26,0.671428571,6.23195
2014.2.27,22.8047619,6.2542
2014.2.28,8.976190476,18.38225
2014.3.1,1.252941176,16.0177
2014.3.2,0,15.1189
2014.3.3,0.3,12.0305
2014.3.4,0,9.3954
2014.3.5,0,7.7349
2014.3.6,0.58,7.59845
2014.3.7,0,6.52095
2014.3.8,0,5.85645
2014.3.9,0,4.9045
2014.3.10,0,4.45845
2014.3.11,0.985,4.42885
2014.3.12,5.745,4.0372
2014.3.13,0,2.60465
2014.3.14,0,2.7384
2014.3.15,0,2.7164
2014.3.16,0,2.826
2014.3.17,0,2.6038
2014.3.18,5.270588235,2.43125
2014.3.19,7.991666667,2.91815
2014.3.20,0,3.7015
2014.3.21,0,3.9206
2014.3.22,0,5.22805
2014.3.23,0.6,5.275
2014.3.24,4.657142857,4.55975
2014.3.25,1.647368421,4.1387
2014.3.26,0,3.60915
2014.3.27,2.68,4.18165
2014.3.28,36.04375,4.1953
2014.3.29,2.354545455,7.0305
2014.3.30,0.39,7.686
2014.3.31,0,8.0235
2014.4.1,0,7.931
2014.4.2,0,18.13295
2014.4.3,0,5.99665
2014.4.4,0,5.274
2014.4.5,0,6.09405
2014.4.6,0,5.3056
2014.4.7,0.1,4.3573
2014.4.8,0,4.31315
2014.4.9,0,20.01695
2014.4.10,20.34285714,4.743
2014.4.11,43.47142857,8.92795
2014.4.12,1.705555556,13.424
2014.4.13,0,14.351
2014.4.14,0.5,60.5736
2014.4.15,41.50952381,11.91655
2014.4.16,15.57,34.905
2014.4.17,1.5,37.9985
2014.4.18,31.02857143,52.2915
2014.4.19,2.476470588,50.076
2014.4.20,11.65714286,50.3575
2014.4.21,21.04761905,49.543
2014.4.22,0.5,55.649
2014.4.23,0.4,47.507
2014.4.24,4.9,42.647
2014.4.25,5.485714286,41.823
2014.4.26,4.776190476,41.0835
2014.4.27,0.5,39.2405
2014.4.28,0,35.7605
2014.4.29,0,33.80265
2014.4.30,0,32.5849
2014.5.1,0,32.08465
2014.5.2,0,32.45385
2014.5.3,4.556,33.0893
2014.5.4,1.25,34.005
2014.5.5,0,34.3775
2014.5.6,0,32.9955
2014.5.7,0,34.7965
2014.5.8,0,40.25275
2014.5.9,5.334782609,42.277
2014.5.10,25.55384615,44.778
2014.5.11,0,47.448
2014.5.12,0,46.5046
2014.5.13,3.247058824,43.145
2014.5.14,1.777272727,41.4027
2014.5.15,3,42.0824
2014.5.16,1.56,35.6235
2014.5.17,0.6,34.5068
2014.5.18,0.366666667,34.285
2014.5.19,1.4875,35.8734
2014.5.20,0,38.1164
2014.5.21,1.5,37.16265
2014.5.22,0,35.08305
2014.5.23,3.231578947,35.28545
2014.5.24,4.126086957,34.568
2014.5.25,1.791666667,35.12565
2014.5.26,0,38.1826
2014.5.27,0,48.75315
2014.5.28,0,52.07845
2014.5.29,0,52.9016
2014.5.30,6.59047619,51.4872
2014.5.31,48.06153846,48.54505
2014.6.1,7.876,53.068
2014.6.2,0,51.667
2014.6.3,0,51.1575
2014.6.4,0,74.525
2014.6.5,0,45.01015
2014.6.6,0,44.32065
2014.6.7,0.5,49.3403
2014.6.8,0,37.8764
2014.6.9,0,38.27715
2014.6.10,0,41.9944
2014.6.11,0,38.30915
2014.6.12,0,37.30405
2014.6.13,0,37.6003
2014.6.14,1.968,33.6036
2014.6.15,8.619230769,31.28765
2014.6.16,2.048,33.5954
2014.6.17,0,35.5687
2014.6.18,0,34.868
2014.6.19,9.18,28.1097
2014.6.20,7.11,27.3108
2014.6.21,1.136363636,25.7503
2014.6.22,0.5,26.80525
2014.6.23,0,27.96435
2014.6.24,7.661538462,27.3908
2014.6.25,35.54230769,22.897
2014.6.26,16.02,19.5825
2014.6.27,0.716666667,14.963
2014.6.28,0.5,52.10905
2014.6.29,2.335714286,52.1363
2014.6.30,6.464,7.1123
2014.7.1,15.51538462,4.3798
2014.7.2,0.5,4.2375
2014.7.3,5.252,4.42195
2014.7.4,87.688,7.3431
2014.7.5,2.660869565,87.679
2014.7.6,1,54.6567
2014.7.7,0,22.8847
2014.7.8,0,13.1383
2014.7.9,3.5,17.8746
2014.7.10,0,12.9829
2014.7.11,28.70416667,12.3059
2014.7.12,52.54,67.659
2014.7.13,0.5,78.5395
2014.7.14,1,77.23835
2014.7.15,4.75,63.61205
2014.7.16,3.508333333,37.8636
2014.7.17,10.06,34.5423
2014.7.18,0.35,27.2118
2014.7.19,12.13043478,24.72175
2014.7.20,0,26.40495
2014.7.21,7.5,26.69965
2014.7.22,0,23.2109
2014.7.23,2.128571429,18.3049
2014.7.24,53.644,41.094
2014.7.25,25.75,102.46
2014.7.26,2.583333333,79.672
2014.7.27,0,50.7085
2014.7.28,0,42.54035
2014.7.29,3,36.6134
2014.7.30,6.11,28.7638
2014.7.31,8.2625,29.3972
2014.8.1,21,34.8478
2014.8.2,0,42.7023
2014.8.3,3,46.1071
2014.8.4,4.333333333,40.28335
2014.8.5,16.34615385,45.57955
2014.8.6,16.82083333,50.9643
2014.8.7,1.725,53.6781
2014.8.8,1.157142857,49.1919
2014.8.9,3.045833333,46.0709
2014.8.10,1.11,47.8414
2014.8.11,4.496153846,39.9473
2014.8.12,44.31538462,40.8015
2014.8.13,6.365384615,71.8455
2014.8.14,0.666666667,66.2575
2014.8.15,0,48.8365
2014.8.16,4.98,34.64325
2014.8.17,0.571428571,35.9127
2014.8.18,1.111111111,40.80735
2014.8.19,0.15,33.99905
2014.8.20,0,32.838
2014.8.21,5.5,28.6837
2014.8.22,3.6,27.73205
2014.8.23,20.43461538,18.46395
2014.8.24,1.645833333,15.20985
2014.8.25,1,17.5205
2014.8.26,35.7,16.66205
2014.8.27,1.826923077,27.0935
2014.8.28,10.34166667,20.6285
2014.8.29,1.007142857,22.12284211
2014.8.30,25.58846154,21.80625
2014.8.31,22.52692308,32.7855
2014.9.1,3.117391304,57.3315
2014.9.2,22.23846154,56.9935
2014.9.3,0.5,68.478
2014.9.4,0,55.4863
2014.9.5,0,52.3196
2014.9.6,1.25,47.5559
2014.9.7,1.428571429,43.5884
2014.9.8,4.957142857,41.7589
2014.9.9,3.68125,39.4969
2014.9.10,1.244444444,37.6984
2014.9.11,4.380769231,42.9849
2014.9.12,21.61538462,42.5502
2014.9.13,1.083333333,42.02275
2014.9.14,0.533333333,37.43235
2014.9.15,4.152380952,36.5379
2014.9.16,0.5,32.06705
2014.9.17,15.60833333,27.9766
2014.9.18,23.74615385,27.76855
2014.9.19,0.785714286,29.909
2014.9.20,0.5,27.32955
2014.9.21,0,22.8249
2014.9.22,0.7,22.34055
2014.9.23,2.426666667,22.2713
2014.9.24,0.964285714,22.56925
2014.9.25,1.476470588,22.1499
2014.9.26,3.46,20.56755
2014.9.27,1.75,18.19195
2014.9.28,9.919230769,12.7322
2014.9.29,5.964,27.75605
2014.9.30,2.011111111,12.8291
2014.10.1,0.845454545,13.7602
2014.10.2,0,11.16045
2014.10.3,0,43.30145
2014.10.4,0,11.00895
2014.10.5,0,14.71905
2014.10.6,0,16.98065
2014.10.7,0.5,19.6514
2014.10.8,0,13.7104
2014.10.9,0.5,11.5191
2014.10.10,0,10.81295
2014.10.11,0,10.1773
2014.10.12,0,10.91035
2014.10.13,0,10.6111
2014.10.14,0,9.37455
2014.10.15,0,8.82355
2014.10.16,0,9.8942
2014.10.17,0,10.1681
2014.10.18,0,8.96345
2014.10.19,1.2,7.8863
2014.10.20,21.65652174,5.4573
2014.10.21,4.4,6.35215
2014.10.22,0.5,6.01125
2014.10.23,0.5,5.578
2014.10.24,0,6.7038
2014.10.25,0,8.26205
2014.10.26,0,9.4501
2014.10.27,0,8.4505
2014.10.28,29.23043478,8.43585
2014.10.29,9.808695652,8.96745
2014.10.30,9.469565217,10.7011
2014.10.31,1,11.876
2014.11.1,0.928571429,12.43435
2014.11.2,0,15.63105
2014.11.3,0,12.79475
2014.11.4,0,9.80615
2014.11.5,3.419047619,8.87825
2014.11.6,0.6,10.46105
2014.11.7,15.4047619,12.1287
2014.11.8,0.571428571,9.4995
2014.11.9,1,9.85265
2014.11.10,0.625,8.47495
2014.11.11,0.5,12.538
2014.11.12,0,11.4683
2014.11.13,0,19.8551
2014.11.14,0,11.767
2014.11.15,1.433333333,14.5695
2014.11.16,0.5,16.03405
2014.11.17,0,16.56185
2014.11.18,0,15.77575
2014.11.19,0,15.081
2014.11.20,0,12.65795
2014.11.21,0,7.4587
2014.11.22,0,6.68125
2014.11.23,41.67619048,5.728947368
2014.11.24,11.55714286,11.8034
2014.11.25,1.865,25.88845
2014.11.26,2.942105263,29.86585
2014.11.27,13.425,28.98495
2014.11.28,3.244444444,33.984
2014.11.29,17.36666667,35.87525
2014.11.30,0.975,40.7859
2014.12.1,0,36.03885
2014.12.2,0,31.06915
2014.12.3,0.95,28.07125
2014.12.4,0,25.74655
2014.12.5,0,25.16485
2014.12.6,0,24.75935
2014.12.7,0,64.77435
2014.12.8,1.6,22.46355
2014.12.9,1.365,20.0484
2014.12.10,1.833333333,16.8344
2014.12.11,0,12.05505
2014.12.12,0,12.33085
2014.12.13,0,14.98985
2014.12.14,0,21.44235
2014.12.15,0,20.333
2014.12.16,0,15.7865
2014.12.17,0,11.95555
2014.12.18,0,10.65415
2014.12.19,0,9.266842105
2014.12.20,0,7.78185
2014.12.21,0,7.82885
2014.12.22,0,7.699
2014.12.23,0,7.4359
2014.12.24,0,8.17215
2014.12.25,0,7.5949
2014.12.26,0,7.83045
2014.12.27,0,9.33535
2014.12.28,0,9.6463
2014.12.29,0,9.98045
2014.12.30,0,7.2153
2014.12.31,0,5.97435
2015.1.1,0,4.114047619
2015.1.2,0,3.806380952
2015.1.3,0,4.699809524
2015.1.4,0,16.20147619
2015.1.5,1.3,4.669095238
2015.1.6,4.761111111,4.363904762
2015.1.7,0,4.503190476
2015.1.8,0,4.481047619
2015.1.9,0,4.940809524
2015.1.10,0,6.488714286
2015.1.11,0,7.51
2015.1.12,1.195238095,6.525857143
2015.1.13,0.416666667,6.563904762
2015.1.14,0.3,11.37938095
2015.1.15,0,9.664333333
2015.1.16,0,12.28371429
2015.1.17,0,13.36404762
2015.1.18,0,13.63071429
2015.1.19,0,12.32904762
2015.1.20,0,11.26009524
2015.1.21,0,8.356761905
2015.1.22,0,14.53709524
2015.1.23,0,9.557666667
2015.1.24,0.416666667,9.093809524
2015.1.25,0.65,8.706333333
2015.1.26,4.931578947,7.750380952
2015.1.27,22.94444444,7.372285714
2015.1.28,13.75555556,7.799714286
2015.1.29,5.177777778,7.782285714
2015.1.30,0.2,7.903047619
2015.1.31,0.3,7.653809524
2015.2.1,1.528571429,7.45595
2015.2.2,0.575,7.911333333
2015.2.3,0,13.01880952
2015.2.4,0,7.855714286
2015.2.5,0,16.17252381
2015.2.6,0,7.830714286
2015.2.7,0,7.329809524
2015.2.8,0,7.594
2015.2.9,0,21.57685714
2015.2.10,0,5.75025
2015.2.11,0,7.776142857
2015.2.12,4.75,7.588809524
2015.2.13,1.4,8.608238095
2015.2.14,3.394736842,7.825428571
2015.2.15,0.711111111,6.610380952
2015.2.16,0,6.601666667
2015.2.17,8.8,6.853714286
2015.2.18,3.1,5.989142857
2015.2.19,7.278947368,6.468428571
2015.2.20,4.176190476,6.340095238
2015.2.21,0.15,6.56452381
2015.2.22,4.45,36.43366667
2015.2.23,0.55,17.06133333
2015.2.24,6.042857143,21.97204762
2015.2.25,4.038095238,14.353
2015.2.26,7.21,9.719952381
2015.2.27,39.60625,14.22952381
2015.2.28,6.05,28.65904762
2015.3.1,0,35.13714286
2015.3.2,0,39.01557143
2015.3.3,0,27.56638095
2015.3.4,1.088888889,35.8482381
2015.3.5,1.052941176,27.6867619
2015.3.6,0,26.71942857
2015.3.7,0,25.74257143
2015.3.8,0,21.76452381
2015.3.9,0,26.5087619
2015.3.10,0,23.47295238
2015.3.11,0,11.30733333
2015.3.12,0,11.87314286
2015.3.13,0.2,12.243
2015.3.14,2.815789474,12.3112381
2015.3.15,2.32,14.43338095
2015.3.16,0.863636364,20.02914286
2015.3.17,43.18095238,65.41985714
2015.3.18,9.671428571,34.90609524
2015.3.19,11.23809524,36.76590476
2015.3.20,0.608333333,34.52147619
2015.3.21,0,30.6987619
2015.3.22,0,26.48919048
2015.3.23,0,23.11114286
2015.3.24,0,34.65190476
2015.3.25,0.8,22.33404762
2015.3.26,5.195238095,21.29728571
2015.3.27,0.3,56.28252381
2015.3.28,0,19.87585714
2015.3.29,0.55,30.51471429
2015.3.30,0.5,17.53738095
2015.3.31,0.575,21.916
2015.4.1,14.72727273,18.80561905
2015.4.2,10.92857143,22.3772381
2015.4.3,24.91363636,28.75528571
2015.4.4,20.57727273,31.11847619
2015.4.5,30.73181818,88.96047619
2015.4.6,11.69545455,84.26728571
2015.4.7,5.75,72.46190476
2015.4.8,4,65.18904762
2015.4.9,0,43.45157143
2015.4.10,0,34.88038095
2015.4.11,0,30.5282381
2015.4.12,1.6625,30.10642857
2015.4.13,0.5,29.27404762
2015.4.14,0,28.045
2015.4.15,0.7,21.88371429
2015.4.16,0,30.5267619
2015.4.17,1.118181818,36.544
2015.4.18,14.94090909,40.22280952
2015.4.19,20.81363636,40.64995238
2015.4.20,0.7,50.87657143
2015.4.21,0,51.43842857
2015.4.22,0,48.72985714
2015.4.23,0,42.1132381
2015.4.24,0,42.68557143
2015.4.25,0,44.91747619
2015.4.26,0,37.27266667
2015.4.27,0,42.82185714
2015.4.28,1.5,45.40638095
2015.4.29,0,45.79738095
2015.4.30,0,44.17185714
2015.5.1,13.51538462,49.17204762
2015.5.2,3.375,50.25533333
2015.5.3,0,46.50835
2015.5.4,5.295454545,44.27733333
2015.5.5,1.984615385,51.39355
2015.5.6,1.028571429,47.0367619
2015.5.7,0.5,42.73252381
2015.5.8,4.173913043,36.4537619
2015.5.9,0.5,33.70838095
2015.5.10,17.41538462,31.63255
2015.5.11,3.619230769,36.40038095
2015.5.12,0.5,41.34819048
2015.5.13,0,39.03447619
2015.5.14,30.53461538,37.26633333
2015.5.15,13.68076923,41.50414286
2015.5.16,0,44.092
2015.5.17,10.20769231,47.4447619
2015.5.18,0.5,69.40733333
2015.5.19,0,43.57666667
2015.5.20,1.7,42.32614286
2015.5.21,0,38.27128571
2015.5.22,0.745,34.70733333
2015.5.23,0.666666667,31.65061905
2015.5.24,0,35.77157143
2015.5.25,1.706666667,38.32442857
2015.5.26,4.588235294,42.4194
2015.5.27,10.56923077,43.32980952
2015.5.28,22.15769231,44.72261905
2015.5.29,18.85384615,42.614
2015.5.30,1,54.51790476
2015.5.31,0,55.16447619
2015.6.1,28.168,46.86571429
2015.6.2,32.6375,57.2647619
2015.6.3,2.166666667,95.55047619
2015.6.4,1.066666667,70.65752381
2015.6.5,3,47.53528571
2015.6.6,0.514285714,40.8552381
2015.6.7,3.3,39.41019048
2015.6.8,4.125,41.30409524
2015.6.9,11.75,43.05161905
2015.6.10,0.5,45.46819048
2015.6.11,9.5,47.80004762
2015.6.12,0,38.27561905
2015.6.13,0,38.85009524
2015.6.14,1.555555556,42.85552381
2015.6.15,21.328,44.65633333
2015.6.16,59.18846154,44.51185714
2015.6.17,7.509090909,74.87142857
2015.6.18,0,106.4625
2015.6.19,0.5,78.66304762
2015.6.20,3.229166667,69.29871429
2015.6.21,4.315789474,65.29114286
2015.6.22,16.25,63.77361905
2015.6.23,8.017647059,63.73404762
2015.6.24,6.6,61.43419048
2015.6.25,13.4,60.28966667
2015.6.26,21.20769231,62.35061905
2015.6.27,106.688,82.74428571
2015.6.28,7.910526316,225.2
2015.6.29,15.37777778,238.0371429
2015.6.30,10.488,153.5724762
2015.7.1,5.5,147.6435238
2015.7.2,0,105.9745238
2015.7.3,4.490909091,86.50580952
2015.7.4,0.5,70.13095238
2015.7.5,3.944444444,61.272
2015.7.6,5.333333333,57.78442857
2015.7.7,23,63.16919048
2015.7.8,17.44166667,61.32819048
2015.7.9,13.096,69.39266667
2015.7.10,1.319047619,73.2701
2015.7.11,2.911111111,61.44347619
2015.7.12,0.5,57.82
2015.7.13,58,51.37304762
2015.7.14,14,36.79504762
2015.7.15,30.00384615,31.51028571
2015.7.16,11.52,38.1178
2015.7.17,4.852173913,57.93885714
2015.7.18,0.590909091,101.7770952
2015.7.19,1.533333333,49.65533333
2015.7.20,16.25,49.0574
2015.7.21,11.5,43.96514286
2015.7.22,13.15454545,49.22180952
2015.7.23,51.73461538,46.48009524
2015.7.24,2.169230769,94.65571429
2015.7.25,0.5,79.25561905
2015.7.26,4.816666667,66.69552381
2015.7.27,0,56.3192381
2015.7.28,0,50.44561905
2015.7.29,0,49.54190476
2015.7.30,0,44.8487619
2015.7.31,0,37.14166667
2015.8.1,0,42.1107619
2015.8.2,0,39.89028571
2015.8.3,0,39.00566667
2015.8.4,0.5,40.1907619
2015.8.5,11.46538462,38.37204762
2015.8.6,5.381818182,40.84819048
2015.8.7,2.157142857,38.48042857
2015.8.8,8.2875,40.09375
2015.8.9,133.4115385,45.29238095
2015.8.10,24.23846154,236.4938095
2015.8.11,0.5,216.7333333
2015.8.12,1.416666667,142.7880952
2015.8.13,0,107.1407143
2015.8.14,10.07142857,83.42419048
2015.8.15,1.636363636,63.75571429
2015.8.16,4.15,62.95371429
2015.8.17,3.333333333,59.33171429
2015.8.18,3.581818182,41.9357
2015.8.19,23.74230769,41.71038095
2015.8.20,0.4625,48.33171429
2015.8.21,0,66.48395238
2015.8.22,0,65.24447619
2015.8.23,10,54.78142857
2015.8.24,8.57826087,41.82619048
2015.8.25,0.5,32.81714286
2015.8.26,0,30.36804762
2015.8.27,3.871428571,21.43228571
2015.8.28,0,14.8247619
2015.8.29,0,16.38504762
2015.8.30,0,10.78285714
2015.8.31,1.25,12.93004762
2015.9.1,0,13.72557143
2015.9.2,0,14.43161905
2015.9.3,0,17.19771429
2015.9.4,23.86538462,19.63966667
2015.9.5,0.666666667,24.0445
2015.9.6,1.5,27.30609524
2015.9.7,0,22.37947619
2015.9.8,0,18.49609524
2015.9.9,0,21.53080952
2015.9.10,0,18.05571429
2015.9.11,2.65,17.89404762
2015.9.12,0.5,16.53509524
2015.9.13,0,13.76952381
2015.9.14,0,6.355190476
2015.9.15,0,20.0762381
2015.9.16,0,9.272571429
2015.9.17,1.29375,7.645047619
2015.9.18,2.116666667,6.937285714
2015.9.19,0.5,6.912238095
2015.9.20,0,8.261571429
2015.9.21,0,10.86719048
2015.9.22,8.404,13.74638095
2015.9.23,0,14.19980952
2015.9.24,19.4,12.3897619
2015.9.25,1.554545455,12.79538095
2015.9.26,0,15.32604762
2015.9.27,0,14.73266667
2015.9.28,0,13.91214286
2015.9.29,7.576,10.51495238
2015.9.30,7.856,10.44666667
2015.10.1,0.5,14.5598
2015.10.2,0.5,31.48990476
2015.10.3,4,16.19504762
2015.10.4,3.294736842,13.64590476
2015.10.5,0.957142857,11.35395238
2015.10.6,20.32916667,10.56314286
2015.10.7,1.528571429,10.1607619
2015.10.8,1.278571429,12.08009524
2015.10.9,0,9.738761905
2015.10.10,0.5,10.28152381
2015.10.11,0,11.438
2015.10.12,0,10.87828571
2015.10.13,0,10.93519048
2015.10.14,0,8.549761905
2015.10.15,0,7.762095238
2015.10.16,0,8.855380952
2015.10.17,0,10.11509524
2015.10.18,0,8.892333333
2015.10.19,0,7.385904762
2015.10.20,0,6.431428571
2015.10.21,0,3.137857143
2015.10.22,0,2.983142857
2015.10.23,1.05,8.188285714
2015.10.24,0,1.914333333
2015.10.25,0.1,1.762571429
2015.10.26,13.8125,2.32452381
2015.10.27,0.466666667,1.91747619
2015.10.28,9.256521739,1.691333333
2015.10.29,1.5,1.498952381
2015.10.30,0.4,2.825428571
2015.10.31,0.5,2.428809524
2015.11.1,0,2.009047619
2015.11.2,0,1.526714286
2015.11.3,0.87,1.938333333
2015.11.4,0.5,1.955190476
2015.11.5,1.828571429,1.720619048
2015.11.6,19.43333333,1.645428571
2015.11.7,3.678947368,2.325142857
2015.11.8,0.5,1.902666667
2015.11.9,0,2.599190476
2015.11.10,1.088235294,3.105285714
2015.11.11,5.005555556,3.557095238
2015.11.12,12.735,4.565714286
2015.11.13,0.711111111,18.91561905
2015.11.14,0.5,2.870190476
2015.11.15,6.838095238,3.129142857
2015.11.16,3.955555556,2.890285714
2015.11.17,25.81428571,4.283857143
2015.11.18,5.619047619,7.14852381
2015.11.19,2.742105263,8.090666667
2015.11.20,0.333333333,8.576761905
2015.11.21,0,10.61295238
2015.11.22,2.19375,6.387238095
2015.11.23,6.4,4.789809524
2015.11.24,14.97368421,4.198142857
2015.11.25,0,13.1347619
2015.11.26,0,18.4392381
2015.11.27,0,10.8952381
2015.11.28,1,9.246190476
2015.11.29,0,14.08004762
2015.11.30,0,10.38047619
2015.12.1,2.6625,6.924142857
2015.12.2,0,6.517285714
2015.12.3,0,7.252380952
2015.12.4,0,8.04847619
2015.12.5,4.75,7.170952381
2015.12.6,0,4.521857143
2015.12.7,0,3.37
2015.12.8,0,3.259333333
2015.12.9,0.566666667,4.118714286
2015.12.10,0.825,5.200428571
2015.12.11,0,6.500761905
2015.12.12,0.778571429,5.926238095
2015.12.13,0.9125,45.50019048
2015.12.14,0,5.431619048
2015.12.15,0,5.506952381
2015.12.16,0,5.062619048
2015.12.17,0,4.392
2015.12.18,0,4.247619048
2015.12.19,0.6,4.330333333
2015.12.20,0.666666667,4.727428571
2015.12.21,0.8875,4.125
2015.12.22,0.333333333,4.110666667
2015.12.23,3.785714286,12.57914286
2015.12.24,2.19,4.642952381
2015.12.25,0.433333333,5.371904762
2015.12.26,0.75,6.065666667
2015.12.27,0.585714286,5.957047619
2015.12.28,0,5.083238095
2015.12.29,0,5.431904762
2015.12.30,0,5.849
2015.12.31,0,5.899666667