date,P,Q
1997/1/2,0.13,423
1997/1/3,0.13,398
1997/1/4,0.05,372
1997/1/5,0,342
1997/1/6,0,312
1997/1/7,0,282
1997/1/8,0,248
1997/1/9,0,217
1997/1/10,0,209
1997/1/11,0,254
1997/1/12,0,311
1997/1/13,0,352
1997/1/14,0.63,353
1997/1/15,0,340
1997/1/16,0.8,326
1997/1/17,0.9,312
1997/1/18,3.55,300
1997/1/19,0,287
1997/1/20,0,277
1997/1/21,0,268
1997/1/22,0,258
1997/1/23,7.87,251
1997/1/24,0,244
1997/1/25,0,237
1997/1/26,0,232
1997/1/27,0,229
1997/1/28,0,226
1997/1/29,0,225
1997/1/30,1.52,225
1997/1/31,0.65,228
1997/2/1,3.9,232
1997/2/2,3.15,238
1997/2/3,0,245
1997/2/4,0.48,254
1997/2/5,0,266
1997/2/6,0,278
1997/2/7,0,289
1997/2/8,0,294
1997/2/9,0,281
1997/2/10,0,254
1997/2/11,0,218
1997/2/12,0,189
1997/2/13,0,185
1997/2/14,0,185
1997/2/15,0,185
1997/2/16,0,184
1997/2/17,0,184
1997/2/18,0,183
1997/2/19,0,181
1997/2/20,0,177
1997/2/21,0,174
1997/2/22,0,171
1997/2/23,0,169
1997/2/24,6.07,166
1997/2/25,14.4,165
1997/2/26,0.52,164
1997/2/27,0.92,163
1997/2/28,4.4,165
1997/3/1,0,170
1997/3/2,0,183
1997/3/3,0,208
1997/3/4,0,229
1997/3/5,0,230
1997/3/6,0.75,222
1997/3/7,0,206
1997/3/8,0,191
1997/3/9,0.8,174
1997/3/10,25.43,156
1997/3/11,22.1,150
1997/3/12,57.5,380
1997/3/13,0.43,771
1997/3/14,12.67,1230
1997/3/15,8.43,1510
1997/3/16,0,1700
1997/3/17,0,1820
1997/3/18,0,1850
1997/3/19,0.83,1820
1997/3/20,1.7,1710
1997/3/21,0.8,1570
1997/3/22,0,1450
1997/3/23,0,1350
1997/3/24,0,1250
1997/3/25,0,1160
1997/3/26,0,1070
1997/3/27,0.1,990
1997/3/28,0,887
1997/3/29,0,799
1997/3/30,0,742
1997/3/31,0,722
1997/4/1,0,712
1997/4/2,15.98,674
1997/4/3,7.05,644
1997/4/4,1.48,636
1997/4/5,0.25,638
1997/4/6,0,660
1997/4/7,0,684
1997/4/8,4.98,697
1997/4/9,0,764
1997/4/10,0,712
1997/4/11,0,596
1997/4/12,0,500
1997/4/13,0,423
1997/4/14,0,358
1997/4/15,0,316
1997/4/16,1.52,303
1997/4/17,1.35,296
1997/4/18,0,290
1997/4/19,0,286
1997/4/20,0.95,283
1997/4/21,0,279
1997/4/22,0,270
1997/4/23,0,258
1997/4/24,0,247
1997/4/25,0,237
1997/4/26,0,226
1997/4/27,0,215
1997/4/28,0,201
1997/4/29,0,186
1997/4/30,0,175
1997/5/1,0,164
1997/5/2,0,157
1997/5/3,0,151
1997/5/4,0,147
1997/5/5,0,147
1997/5/6,4.56,149
1997/5/7,26.97,155
1997/5/8,0,165
1997/5/9,0.15,172
1997/5/10,2.63,181
1997/5/11,26.55,197
1997/5/12,8.02,309
1997/5/13,0,447
1997/5/14,0,432
1997/5/15,0.05,395
1997/5/16,0,359
1997/5/17,0,325
1997/5/18,0,292
1997/5/19,0,257
1997/5/20,0,225
1997/5/21,0,193
1997/5/22,0,163
1997/5/23,0,136
1997/5/24,0,123
1997/5/25,0,144
1997/5/26,0,173
1997/5/27,0.05,203
1997/5/28,0.85,216
1997/5/29,0.3,201
1997/5/30,5.07,185
1997/5/31,0,167
1997/6/1,0,144
1997/6/2,0,120
1997/6/3,0,97.7
1997/6/4,0,77.4
1997/6/5,0,68.1
1997/6/6,4.23,72
1997/6/7,38.03,81.6
1997/6/8,9.23,94.7
1997/6/9,1.32,112
1997/6/10,0.43,137
1997/6/11,0,171
1997/6/12,0,211
1997/6/13,0,219
1997/6/14,0,209
1997/6/15,0.03,174
1997/6/16,0,133
1997/6/17,0,91.2
1997/6/18,0,74
1997/6/19,0,87.2
1997/6/20,0,99.8
1997/6/21,0,112
1997/6/22,0,116
1997/6/23,0,105
1997/6/24,1,94.8
1997/6/25,0.35,83.2
1997/6/26,0.1,73.38
1997/6/27,0,67.6
1997/6/28,0,62.9
1997/6/29,0.93,58.2
1997/6/30,7.9,54.7
1997/7/1,55.95,62.6
1997/7/2,3.12,68
1997/7/3,0.03,68
1997/7/4,0,78.6
1997/7/5,10.83,146
1997/7/6,4.03,430
1997/7/7,0,550
1997/7/8,0,465
1997/7/9,0,458
1997/7/10,0,314
1997/7/11,0,178
1997/7/12,0,181
1997/7/13,0.47,172
1997/7/14,8.47,144
1997/7/15,28.73,187
1997/7/16,33.3,367
1997/7/17,18.33,727
1997/7/18,15.27,1160
1997/7/19,2.22,1480
1997/7/20,6.75,1710
1997/7/21,2.2,2160
1997/7/22,5.05,2180
1997/7/23,0.1,2060
1997/7/24,5.4,1850
1997/7/25,0,1600
1997/7/26,0,1420
1997/7/27,0,1230
1997/7/28,0,1020
1997/7/29,0,750
1997/7/30,0,517
1997/7/31,0,366
1997/8/1,0,344
1997/8/2,1.56,299
1997/8/3,3.13,258
1997/8/4,0.5,223
1997/8/5,7.12,192
1997/8/6,0,165
1997/8/7,9.75,146
1997/8/8,9.75,129
1997/8/9,0,116
1997/8/10,0,107
1997/8/11,0,105
1997/8/12,0,107
1997/8/13,0,113
1997/8/14,0,122
1997/8/15,0,134
1997/8/16,0.1,145
1997/8/17,0.1,152
1997/8/18,0.3,157
1997/8/19,2.28,162
1997/8/20,20,167
1997/8/21,1.1,170
1997/8/22,0,177
1997/8/23,0,205
1997/8/24,5.65,244
1997/8/25,13.7,284
1997/8/26,0.89,322
1997/8/27,0.28,357
1997/8/28,1.05,391
1997/8/29,0,426
1997/8/30,0,459
1997/8/31,0,457
1997/9/1,5.46,413
1997/9/2,24.55,391
1997/9/3,0,407
1997/9/4,0,425
1997/9/5,0,442
1997/9/6,0,427
1997/9/7,0,393
1997/9/8,0,361
1997/9/9,0,330
1997/9/10,0.13,300
1997/9/11,0.13,272
1997/9/12,0,245
1997/9/13,0.45,222
1997/9/14,5.5,202
1997/9/15,5.6,184
1997/9/16,0.55,167
1997/9/17,0,151
1997/9/18,0,139
1997/9/19,0,129
1997/9/20,0,123
1997/9/21,0,121
1997/9/22,0,116
1997/9/23,0,111
1997/9/24,0,106
1997/9/25,0,101
1997/9/26,0,97
1997/9/27,0,91.9
1997/9/28,0,87
1997/9/29,0,82
1997/9/30,0,76.9
1997/10/1,0,71.6
1997/10/2,0,66.2
1997/10/3,2.25,61.2
1997/10/4,3.1,56.3
1997/10/5,0.08,51.1
1997/10/6,0,46.4
1997/10/7,0,42.3
1997/10/8,0,40.9
1997/10/9,0,39.9
1997/10/10,0,38.9
1997/10/11,0,38
1997/10/12,0,37.4
1997/10/13,0,36.8
1997/10/14,0,36
1997/10/15,0.03,35.5
1997/10/16,0,36.4
1997/10/17,0,40.3
1997/10/18,0,43.8
1997/10/19,0,46.6
1997/10/20,0,49
1997/10/21,0,51.1
1997/10/22,1.7,52.9
1997/10/23,0,54.5
1997/10/24,0,55.8
1997/10/25,7.2,56.8
1997/10/26,11.05,57.8
1997/10/27,0,58.6
1997/10/28,0,59.2
1997/10/29,0,59.8
1997/10/30,0,60.5
1997/10/31,0,61.1
1997/11/1,0,61.4
1997/11/2,0,61.4
1997/11/3,0,60.2
1997/11/4,0,58.6
1997/11/5,0,57
1997/11/6,0,54.9
1997/11/7,0,52.4
1997/11/8,0,49.9
1997/11/9,0,47.1
1997/11/10,0,43.9
1997/11/11,2.38,41.9
1997/11/12,34.28,44.6
1997/11/13,6.68,59.1
1997/11/14,6.5,81.3
1997/11/15,0,104
1997/11/16,0,130
1997/11/17,0.58,157
1997/11/18,0.55,181
1997/11/19,0,163
1997/11/20,0,132
1997/11/21,0.45,127
1997/11/22,0,127
1997/11/23,0,126
1997/11/24,0,126
1997/11/25,7.9,126
1997/11/26,2.6,126
1997/11/27,0.17,127
1997/11/28,10.38,135
1997/11/29,10.63,150
1997/11/30,0,163
1997/12/1,0.38,174
1997/12/2,0,185
1997/12/3,0,194
1997/12/4,0,203
1997/12/5,1.63,212
1997/12/6,6.87,220
1997/12/7,0,227
1997/12/8,0.52,234
1997/12/9,0,241
1997/12/10,0,246
1997/12/11,0,252
1997/12/12,0,257
1997/12/13,0,259
1997/12/14,0,256
1997/12/15,0,255
1997/12/16,3.63,263
1997/12/17,0.13,272
1997/12/18,0,270
1997/12/19,0,259
1997/12/20,0,248
1997/12/21,0.05,235
1997/12/22,0.38,222
1997/12/23,0,208
1997/12/24,0,194
1997/12/25,0,178
1997/12/26,0,162
1997/12/27,0,150
1997/12/28,1.25,141
1997/12/29,6.88,133
1997/12/30,0.7,127
1997/12/31,0,123
1998/1/1,1.43,126
1998/1/2,0,152
1998/1/3,0,152
1998/1/4,0.05,144
1998/1/5,0,136
1998/1/6,0,129
1998/1/7,2.4,123
1998/1/8,6.5,129
1998/1/9,0,170
1998/1/10,7.68,216
1998/1/11,16.77,259
1998/1/12,0.33,301
1998/1/13,1.47,341
1998/1/14,6.6,377
1998/1/15,7.55,410
1998/1/16,0,439
1998/1/17,8.35,445
1998/1/18,0.13,440
1998/1/19,0,426
1998/1/20,0,405
1998/1/21,0,382
1998/1/22,0,355
1998/1/23,0,324
1998/1/24,0,302
1998/1/25,0,293
1998/1/26,0,293
1998/1/27,0,299
1998/1/28,0,304
1998/1/29,0,301
1998/1/30,0,294
1998/1/31,0,279
1998/2/1,0.17,259
1998/2/2,2.9,239
1998/2/3,0.05,221
1998/2/4,0,205
1998/2/5,0,191
1998/2/6,0,179
1998/2/7,0,168
1998/2/8,0,156
1998/2/9,0,151
1998/2/10,0,147
1998/2/11,0,145
1998/2/12,0,144
1998/2/13,0.32,143
1998/2/14,11.65,141
1998/2/15,0,140
1998/2/16,0,141
1998/2/17,0.2,141
1998/2/18,11.15,142
1998/2/19,5.15,145
1998/2/20,1.15,151
1998/2/21,0.03,157
1998/2/22,0,161
1998/2/23,0,164
1998/2/24,0.08,167
1998/2/25,0,164
1998/2/26,0,161
1998/2/27,0,156
1998/2/28,0,150
1998/3/1,0,143
1998/3/2,0,136
1998/3/3,0,129
1998/3/4,0,122
1998/3/5,0,117
1998/3/6,0,115
1998/3/7,2.33,113
1998/3/8,1.65,110
1998/3/9,22.72,116
1998/3/10,6.58,166
1998/3/11,0.13,254
1998/3/12,0,344
1998/3/13,0,396
1998/3/14,0,427
1998/3/15,0,412
1998/3/16,0,346
1998/3/17,0,284
1998/3/18,0,270
1998/3/19,6.05,265
1998/3/20,16.58,261
1998/3/21,1.5,242
1998/3/22,0,262
1998/3/23,1.07,360
1998/3/24,0.7,478
1998/3/25,5.92,475
1998/3/26,15.25,531
1998/3/27,0.05,603
1998/3/28,0,733
1998/3/29,0,906
1998/3/30,0.3,994
1998/3/31,5.4,860
1998/4/1,18.33,564
1998/4/2,0,474
1998/4/3,0,709
1998/4/4,0,984
1998/4/5,25.63,1130
1998/4/6,7,1210
1998/4/7,11.8,1290
1998/4/8,2.67,1200
1998/4/9,0,1350
1998/4/10,0,1410
1998/4/11,6.25,1430
1998/4/12,29.02,1470
1998/4/13,0,1600
1998/4/14,0,1740
1998/4/15,0,1850
1998/4/16,0,1860
1998/4/17,0,1820
1998/4/18,0,1650
1998/4/19,0,1520
1998/4/20,0,1350
1998/4/21,0,1100
1998/4/22,1.38,922
1998/4/23,0.03,920
1998/4/24,10.82,808
1998/4/25,0,577
1998/4/26,0,444
1998/4/27,0,671
1998/4/28,0,746
1998/4/29,0,570
1998/4/30,1.03,479
1998/5/1,4.75,378
1998/5/2,22.65,288
1998/5/3,0,374
1998/5/4,0,526
1998/5/5,0,718
1998/5/6,0,877
1998/5/7,0.62,804
1998/5/8,6.38,748
1998/5/9,16.88,549
1998/5/10,41.6,375
1998/5/11,25.45,669
1998/5/12,0.08,1140
1998/5/13,1.05,1510
1998/5/14,4.55,1850
1998/5/15,0.38,2260
1998/5/16,0.03,2420
1998/5/17,0.18,2410
1998/5/18,0,2230
1998/5/19,0,1990
1998/5/20,0.05,1780
1998/5/21,2.39,1600
1998/5/22,21.32,1470
1998/5/23,5.67,1610
1998/5/24,20.7,2110
1998/5/25,0,2380
1998/5/26,0,2350
1998/5/27,0,2330
1998/5/28,0,2360
1998/5/29,0,2350
1998/5/30,0,2100
1998/5/31,1.37,1790
1998/6/1,40.83,1670
1998/6/2,0.75,1700
1998/6/3,0.2,1820
1998/6/4,0,2090
1998/6/5,0,2310
1998/6/6,0,2250
1998/6/7,0.45,2120
1998/6/8,3.65,1810
1998/6/9,0.43,1640
1998/6/10,0,1550
1998/6/11,1.39,1510
1998/6/12,27,1470
1998/6/13,0.35,1450
1998/6/14,0,1100
1998/6/15,0,834
1998/6/16,0,878
1998/6/17,0,785
1998/6/18,0,712
1998/6/19,0,635
1998/6/20,0,581
1998/6/21,0,576
1998/6/22,0,596
1998/6/23,0,618
1998/6/24,0,594
1998/6/25,1.32,476
1998/6/26,0,438
1998/6/27,0,348
1998/6/28,0,288
1998/6/29,13.5,307
1998/6/30,90.63,418
1998/7/1,20.4,1390
1998/7/2,49.2,2230
1998/7/3,40.18,3100
1998/7/4,7.17,3930
1998/7/5,9.1,4740
1998/7/6,0,5760
1998/7/7,0,6350
1998/7/8,0,5750
1998/7/9,0,5260
1998/7/10,0,4710
1998/7/11,0,4130
1998/7/12,0,3560
1998/7/13,0,3140
1998/7/14,0.08,2760
1998/7/15,0,2380
1998/7/16,1.34,2030
1998/7/17,10.95,1730
1998/7/18,0.52,1550
1998/7/19,0,1470
1998/7/20,0,1410
1998/7/21,0,1390
1998/7/22,3.6,1340
1998/7/23,3.67,1300
1998/7/24,0,1280
1998/7/25,0.15,1220
1998/7/26,0,1120
1998/7/27,0,1070
1998/7/28,7.79,999
1998/7/29,55.97,950
1998/7/30,18.97,1120
1998/7/31,10.95,1270
1998/8/1,12.35,1420
1998/8/2,1.82,1440
1998/8/3,25.4,1490
1998/8/4,25.5,1520
1998/8/5,1.43,1570
1998/8/6,2.71,1710
1998/8/7,26.43,2020
1998/8/8,13.33,2380
1998/8/9,1.87,2970
1998/8/10,2.01,3300
1998/8/11,11.58,3180
1998/8/12,0.03,3210
1998/8/13,3.09,3410
1998/8/14,1.6,3790
1998/8/15,1.26,4130
1998/8/16,14.87,4420
1998/8/17,24.23,4590
1998/8/18,0.88,4880
1998/8/19,0,5160
1998/8/20,0.2,5280
1998/8/21,20.72,5280
1998/8/22,7.23,4940
1998/8/23,9.98,4530
1998/8/24,3.93,4220
1998/8/25,14.63,4090
1998/8/26,1.4,4000
1998/8/27,9.83,3790
1998/8/28,0.16,3550
1998/8/29,0.22,3180
1998/8/30,0,2900
1998/8/31,0,2640
1998/9/1,0,2450
1998/9/2,0,2270
1998/9/3,0,2120
1998/9/4,0,1910
1998/9/5,0,1700
1998/9/6,0,1530
1998/9/7,0,1420
1998/9/8,0,1310
1998/9/9,0,1170
1998/9/10,0,1060
1998/9/11,0,944
1998/9/12,0,842
1998/9/13,0,862
1998/9/14,0.9,778
1998/9/15,5.81,685
1998/9/16,22.55,600
1998/9/17,0,573
1998/9/18,0,711
1998/9/19,0,909
1998/9/20,0,921
1998/9/21,0,801
1998/9/22,0,693
1998/9/23,0.9,601
1998/9/24,0,509
1998/9/25,0.2,441
1998/9/26,0.83,486
1998/9/27,0,493
1998/9/28,0,420
1998/9/29,0,305
1998/9/30,0,333
1998/10/1,0,324
1998/10/2,0,359
1998/10/3,0,305
1998/10/4,0,211
1998/10/5,0,235
1998/10/6,0,421
1998/10/7,0,329
1998/10/8,0,208
1998/10/9,0,203
1998/10/10,0.68,200
1998/10/11,1.97,177
1998/10/12,0.03,167
1998/10/13,0.27,162
1998/10/14,14.43,159
1998/10/15,0,159
1998/10/16,0,159
1998/10/17,0,159
1998/10/18,0,158
1998/10/19,0,156
1998/10/20,0,153
1998/10/21,0,149
1998/10/22,0,145
1998/10/23,0,140
1998/10/24,0,135
1998/10/25,0,131
1998/10/26,0,126
1998/10/27,0,121
1998/10/28,0,128
1998/10/29,0.67,162
1998/10/30,1.72,163
1998/10/31,0,148
1998/11/1,0,131
1998/11/2,0,133
1998/11/3,0,212
1998/11/4,0,289
1998/11/5,0,273
1998/11/6,0,242
1998/11/7,0,211
1998/11/8,0,178
1998/11/9,0,144
1998/11/10,0,128
1998/11/11,0,152
1998/11/12,0,183
1998/11/13,0,185
1998/11/14,0,175
1998/11/15,0,161
1998/11/16,0,147
1998/11/17,0,139
1998/11/18,0,132
1998/11/19,0,127
1998/11/20,0,124
1998/11/21,0,121
1998/11/22,0,120
1998/11/23,0,118
1998/11/24,0,116
1998/11/25,0,114
1998/11/26,0,112
1998/11/27,0,111
1998/11/28,0,109
1998/11/29,0,107
1998/11/30,2.52,105
1998/12/1,0.2,103
1998/12/2,9.4,126
1998/12/3,3.95,523
1998/12/4,0,97.4
1998/12/5,0,95.6
1998/12/6,0,93.6
1998/12/7,0,91.5
1998/12/8,0,89.5
1998/12/9,0,88.3
1998/12/10,0,92.9
1998/12/11,0,107
1998/12/12,0,124
1998/12/13,0,140
1998/12/14,0,154
1998/12/15,0,166
1998/12/16,0,175
1998/12/17,0,182
1998/12/18,0,186
1998/12/19,0,185
1998/12/20,0,182
1998/12/21,0,177
1998/12/22,0,172
1998/12/23,0,169
1998/12/24,0,167
1998/12/25,0,166
1998/12/26,0,166
1998/12/27,0,166
1998/12/28,0,166
1998/12/29,0,166
1998/12/30,1.3,164
1998/12/31,7.43,157
1999/1/1,0,143
1999/1/2,0,133
1999/1/3,0,129
1999/1/4,0,128
1999/1/5,0,128
1999/1/6,0,128
1999/1/7,0,133
1999/1/8,0,142
1999/1/9,0,150
1999/1/10,0,154
1999/1/11,0,151
1999/1/12,0,144
1999/1/13,0,137
1999/1/14,0,129
1999/1/15,0,123
1999/1/16,0,117
1999/1/17,0,113
1999/1/18,0,110
1999/1/19,0,107
1999/1/20,0,103
1999/1/21,0,100
1999/1/22,0,96.7
1999/1/23,5.7,93
1999/1/24,0.05,89.1
1999/1/25,0,85
1999/1/26,0,80.8
1999/1/27,0.38,76.3
1999/1/28,0,71.9
1999/1/29,0,67.4
1999/1/30,0,63.4
1999/1/31,0,60.5
1999/2/1,0,58.6
1999/2/2,0,57.8
1999/2/3,0,58
1999/2/4,0,58.9
1999/2/5,0,59.9
1999/2/6,0,60.9
1999/2/7,0,62.4
1999/2/8,0,63.7
1999/2/9,0,65.5
1999/2/10,0,68.2
1999/2/11,2.7,71.3
1999/2/12,0,75
1999/2/13,0,78.8
1999/2/14,0,82.2
1999/2/15,0,84.1
1999/2/16,0,81.9
1999/2/17,0,77.4
1999/2/18,0.05,71.6
1999/2/19,0,64.4
1999/2/20,0,57
1999/2/21,0,52.4
1999/2/22,0,51.3
1999/2/23,0,52.1
1999/2/24,0.9,53.8
1999/2/25,0,55.6
1999/2/26,5.97,57.1
1999/2/27,3.6,58.2
1999/2/28,0,59.2
1999/3/1,0,60.2
1999/3/2,0,61
1999/3/3,0,61.5
1999/3/4,0,62.1
1999/3/5,0,62.6
1999/3/6,0,63.2
1999/3/7,14.5,64.4
1999/3/8,0,67.4
1999/3/9,9.13,72.4
1999/3/10,0,83.2
1999/3/11,0,105
1999/3/12,0,110
1999/3/13,0,110
1999/3/14,3.42,110
1999/3/15,6.7,108
1999/3/16,0,107
1999/3/17,0,106
1999/3/18,0.5,107
1999/3/19,10.48,108
1999/3/20,2.7,108
1999/3/21,0.35,109
1999/3/22,0,110
1999/3/23,0,110
1999/3/24,0,110
1999/3/25,0.18,109
1999/3/26,0,108
1999/3/27,0,107
1999/3/28,0,104
1999/3/29,2.6,102
1999/3/30,0.35,99
1999/3/31,0,96.8
1999/4/1,0,94.5
1999/4/2,2.67,92.5
1999/4/3,0,90.7
1999/4/4,0,89
1999/4/5,0,87.8
1999/4/6,0,86.9
1999/4/7,0,85.9
1999/4/8,2.22,85.2
1999/4/9,9.68,84.9
1999/4/10,0,84.8
1999/4/11,3.7,85.3
1999/4/12,15.4,88.6
1999/4/13,0,97.8
1999/4/14,0,112
1999/4/15,0.32,125
1999/4/16,0,135
1999/4/17,0.42,142
1999/4/18,0,145
1999/4/19,0,143
1999/4/20,0,139
1999/4/21,0.25,134
1999/4/22,0,128
1999/4/23,0,121
1999/4/24,12.18,115
1999/4/25,1.03,109
1999/4/26,0.03,105
1999/4/27,4.85,102
1999/4/28,0.82,101
1999/4/29,0,101
1999/4/30,0,104
1999/5/1,0,108
1999/5/2,0,112
1999/5/3,15.33,119
1999/5/4,15.27,138
1999/5/5,0,159
1999/5/6,0,181
1999/5/7,0,203
1999/5/8,0.85,226
1999/5/9,0,251
1999/5/10,4.03,280
1999/5/11,1.6,314
1999/5/12,0,332
1999/5/13,0,322
1999/5/14,0,303
1999/5/15,3.68,305
1999/5/16,5.88,312
1999/5/17,0.82,314
1999/5/18,12.58,308
1999/5/19,0.27,262
1999/5/20,0,192
1999/5/21,0,163
1999/5/22,0.22,156
1999/5/23,2.4,151
1999/5/24,9.65,150
1999/5/25,0,151
1999/5/26,4.48,154
1999/5/27,0,157
1999/5/28,0,158
1999/5/29,0,157
1999/5/30,0,155
1999/5/31,1.35,149
1999/6/1,0.83,140
1999/6/2,0,129
1999/6/3,0,117
1999/6/4,0.08,103
1999/6/5,0.5,90.7
1999/6/6,0,82.6
1999/6/7,0,69
1999/6/8,0,57.8
1999/6/9,0,48.8
1999/6/10,0.23,43
1999/6/11,0,41.7
1999/6/12,0.2,41.7
1999/6/13,0,43.5
1999/6/14,0,48.1
1999/6/15,0,57.6
1999/6/16,7.27,73.6
1999/6/17,0.3,95.9
1999/6/18,0.05,115
1999/6/19,0,124
1999/6/20,0,133
1999/6/21,0,142
1999/6/22,4.2,151
1999/6/23,36.43,162
1999/6/24,1.08,181
1999/6/25,0,235
1999/6/26,0.05,303
1999/6/27,1.3,372
1999/6/28,6.45,471
1999/6/29,0,727
1999/6/30,0.125,1920
1999/7/1,7.3,2110
1999/7/2,0,2010
1999/7/3,0,1910
1999/7/4,0.05,1620
1999/7/5,0.05,1310
1999/7/6,4.92,1030
1999/7/7,34.37,874
1999/7/8,1.05,1240
1999/7/9,0.03,1090
1999/7/10,0.05,1020
1999/7/11,0,969
1999/7/12,0.05,696
1999/7/13,0,474
1999/7/14,0.08,514
1999/7/15,0,456
1999/7/16,0,391
1999/7/17,0,256
1999/7/18,0,123
1999/7/19,0,99.9
1999/7/20,0,99
1999/7/21,0,98.1
1999/7/22,0,97.2
1999/7/23,0,96.4
1999/7/24,0,96.1
1999/7/25,0,95.7
1999/7/26,1.45,95.2
1999/7/27,0,94.6
1999/7/28,0,93.5
1999/7/29,6.15,92.4
1999/7/30,0,90.8
1999/7/31,0,88.9
1999/8/1,0,86.2
1999/8/2,2.1,81.7
1999/8/3,0,76.4
1999/8/4,0,71.2
1999/8/5,0,66.1
1999/8/6,0,61.1
1999/8/7,0,56.1
1999/8/8,0,50.8
1999/8/9,0,48.6
1999/8/10,2.85,52.9
1999/8/11,0,55.7
1999/8/12,0.68,51.5
1999/8/13,0,46.9
1999/8/14,0,42.1
1999/8/15,0,38.4
1999/8/16,0,36.4
1999/8/17,0,35
1999/8/18,0,34.2
1999/8/19,0.1,33.3
1999/8/20,4.13,32.6
1999/8/21,0.65,32.3
1999/8/22,4.47,31.7
1999/8/23,1.63,33.5
1999/8/24,1.22,47.5
1999/8/25,19.4,79.2
1999/8/26,10.45,117
1999/8/27,2.35,185
1999/8/28,0,344
1999/8/29,0,476
1999/8/30,0,545
1999/8/31,0.5,528
1999/9/1,0,382
1999/9/2,0,299
1999/9/3,0,301
1999/9/4,2.4,305
1999/9/5,0.2,278
1999/9/6,0,222
1999/9/7,0,169
1999/9/8,0,118
1999/9/9,0,97
1999/9/10,0,94.6
1999/9/11,0,93.3
1999/9/12,0,91.6
1999/9/13,0,90.2
1999/9/14,0.22,88.9
1999/9/15,26.23,92.9
1999/9/16,0.13,158
1999/9/17,0,264
1999/9/18,0,316
1999/9/19,1.47,315
1999/9/20,0.08,302
1999/9/21,0,282
1999/9/22,0,260
1999/9/23,0,236
1999/9/24,0,207
1999/9/25,0,176
1999/9/26,0,151
1999/9/27,0,159
1999/9/28,0,169
1999/9/29,0.32,178
1999/9/30,1.48,186
1999/10/1,0.32,192
1999/10/2,24.22,195
1999/10/3,0.5,197
1999/10/4,1.35,193
1999/10/5,1.1,188
1999/10/6,9.05,183
1999/10/7,0,177
1999/10/8,0,171
1999/10/9,0,165
1999/10/10,0.88,158
1999/10/11,1.68,150
1999/10/12,0.13,144
1999/10/13,21.95,143
1999/10/14,27.23,152
1999/10/15,27.52,215
1999/10/16,8.93,369
1999/10/17,0,526
1999/10/18,0,586
1999/10/19,0,598
1999/10/20,0,599
1999/10/21,0.08,593
1999/10/22,0.1,580
1999/10/23,0,561
1999/10/24,0,529
1999/10/25,0,492
1999/10/26,0.32,449
1999/10/27,0,399
1999/10/28,0,344
1999/10/29,0,283
1999/10/30,0,227
1999/10/31,15.52,213
1999/11/1,2.3,207
1999/11/2,0,201
1999/11/3,0,196
1999/11/4,0.1,191
1999/11/5,0,187
1999/11/6,0.08,183
1999/11/7,0,179
1999/11/8,0,175
1999/11/9,0,173
1999/11/10,0,170
1999/11/11,10.73,168
1999/11/12,0,166
1999/11/13,0,164
1999/11/14,0,164
1999/11/15,0.03,161
1999/11/16,0.13,155
1999/11/17,1.15,146
1999/11/18,0,135
1999/11/19,0,123
1999/11/20,0,110
1999/11/21,0,96.2
1999/11/22,0.55,82.1
1999/11/23,0.15,75.3
1999/11/24,0,76.7
1999/11/25,0,82.9
1999/11/26,7.53,93.9
1999/11/27,7.72,104
1999/11/28,3.98,115
1999/11/29,0,124
1999/11/30,0,127
1999/12/1,0,128
1999/12/2,0,128
1999/12/3,0,128
1999/12/4,0,128
1999/12/5,0,129
1999/12/6,0,127
1999/12/7,0,118
1999/12/8,0,110
1999/12/9,0,102
1999/12/10,0,94.8
1999/12/11,0,87.9
1999/12/12,0,83.3
1999/12/13,0,80.6
1999/12/14,0,80.1
1999/12/15,0,80.1
1999/12/16,0,80.1
1999/12/17,0,80.1
1999/12/18,0,80.2
1999/12/19,0,80.1
1999/12/20,0,79.5
1999/12/21,0,78.3
1999/12/22,0,76.9
1999/12/23,0,75.2
1999/12/24,0,72.8
1999/12/25,0,70.8
1999/12/26,0,69
1999/12/27,0,67.4
1999/12/28,0,65.6
1999/12/29,0,64.1
1999/12/30,0,63
1999/12/31,0,62.3
2000/1/1,0.47,62.5
2000/1/2,0.13,63.2
2000/1/3,0,66.5
2000/1/4,0,77
2000/1/5,7.22,88.1
2000/1/6,0.77,97.4
2000/1/7,0,107
2000/1/8,0.05,114
2000/1/9,2.68,122
2000/1/10,0,122
2000/1/11,8.7,118
2000/1/12,2.375,112
2000/1/13,0,105
2000/1/14,0,96.4
2000/1/15,2.18,86.9
2000/1/16,1.9,82.4
2000/1/17,0,80.4
2000/1/18,0,81
2000/1/19,0,82.1
2000/1/20,0,83.5
2000/1/21,0,84.6
2000/1/22,2.97,86
2000/1/23,0.03,91.3
2000/1/24,6.82,87.8
2000/1/25,6.38,88.3
2000/1/26,0,88.7
2000/1/27,0,90
2000/1/28,0,90.8
2000/1/29,0,92.7
2000/1/30,0,95.1
2000/1/31,0,98.6
2000/2/1,0,103
2000/2/2,0,107
2000/2/3,0,112
2000/2/4,0,117
2000/2/5,2.58,122
2000/2/6,0,127
2000/2/7,0,131
2000/2/8,0,135
2000/2/9,0,139
2000/2/10,0,142
2000/2/11,0,145
2000/2/12,0,147
2000/2/13,0.08,149
2000/2/14,0.25,151
2000/2/15,0,153
2000/2/16,0,154
2000/2/17,0,155
2000/2/18,3.93,156
2000/2/19,9.28,157
2000/2/20,2.8,158
2000/2/21,0,158
2000/2/22,0,157
2000/2/23,0.28,156
2000/2/24,0,155
2000/2/25,0,153
2000/2/26,0,152
2000/2/27,0,151
2000/2/28,0,150
2000/2/29,0,148
2000/3/1,0,148
2000/3/2,0,147
2000/3/3,0,146
2000/3/4,0.05,146
2000/3/5,0,145
2000/3/6,0,145
2000/3/7,0,145
2000/3/8,0,146
2000/3/9,0,146
2000/3/10,0,146
2000/3/11,1.88,148
2000/3/12,0,148
2000/3/13,0,148
2000/3/14,0,142
2000/3/15,1.7,135
2000/3/16,3.45,128
2000/3/17,0,122
2000/3/18,0,116
2000/3/19,0,111
2000/3/20,0,108
2000/3/21,0.25,106
2000/3/22,0.2,104
2000/3/23,0.78,103
2000/3/24,0,103
2000/3/25,0,102
2000/3/26,0,101
2000/3/27,0,98.7
2000/3/28,0,96.3
2000/3/29,0,93.8
2000/3/30,0,90.7
2000/3/31,0,87.3
2000/4/1,0,84
2000/4/2,0,81
2000/4/3,0,78.5
2000/4/4,3.63,76.2
2000/4/5,0.85,74.5
2000/4/6,0,73.6
2000/4/7,0,73.3
2000/4/8,0,75.1
2000/4/9,0,77
2000/4/10,0,78.7
2000/4/11,0,79.9
2000/4/12,0,80.9
2000/4/13,0,81.6
2000/4/14,1.2,82.1
2000/4/15,4.07,82.4
2000/4/16,0,82.6
2000/4/17,0,82.5
2000/4/18,0.8,82
2000/4/19,0,81.8
2000/4/20,0,81.4
2000/4/21,0.57,80.7
2000/4/22,0,80
2000/4/23,0,79.1
2000/4/24,0,78.1
2000/4/25,0,77.1
2000/4/26,0,75.9
2000/4/27,0,75
2000/4/28,0,73.6
2000/4/29,0,72.5
2000/4/30,0,71.3
2000/5/1,0,70
2000/5/2,0,68.7
2000/5/3,0,67.5
2000/5/4,0,66.2
2000/5/5,0,64.9
2000/5/6,1.2,63.6
2000/5/7,0.05,62.2
2000/5/8,0,60.7
2000/5/9,13.57,59.5
2000/5/10,2.02,58.5
2000/5/11,0,57.4
2000/5/12,3.03,56.1
2000/5/13,0,55.1
2000/5/14,0,53.9
2000/5/15,0.25,52.8
2000/5/16,4.77,51.6
2000/5/17,0.23,50.7
2000/5/18,0,49.9
2000/5/19,0,49.1
2000/5/20,0,48.7
2000/5/21,0,48.3
2000/5/22,0,48
2000/5/23,0,48
2000/5/24,0,47.9
2000/5/25,2.1,47.9
2000/5/26,15.78,47.9
2000/5/27,0,47.9
2000/5/28,0.03,49.3
2000/5/29,0.92,46.9
2000/5/30,7.98,45.1
2000/5/31,0,44.7
2000/6/1,2.03,45.2
2000/6/2,47,44.8
2000/6/3,93.03,59
2000/6/4,52.6,130
2000/6/5,0,649
2000/6/6,0,1300
2000/6/7,0,1500
2000/6/8,0.81,1710
2000/6/9,0.08,1790
2000/6/10,0.11,1480
2000/6/11,0,1190
2000/6/12,0.03,990
2000/6/13,4.38,824
2000/6/14,0,623
2000/6/15,0,399
2000/6/16,0,450
2000/6/17,0,491
2000/6/18,0,316
2000/6/19,0,153
2000/6/20,0.08,88
2000/6/21,1.7,61.5
2000/6/22,0.64,48.4
2000/6/23,24.38,53.9
2000/6/24,4.02,133
2000/6/25,33.78,198
2000/6/26,2.87,312
2000/6/27,24.65,453
2000/6/28,3.92,1340
2000/6/29,23.05,2330
2000/6/30,0,2960
2000/7/1,0,3270
2000/7/2,0,3480
2000/7/3,0.38,3780
2000/7/4,0.2,3600
2000/7/5,2.16,3460
2000/7/6,6.67,3410
2000/7/7,0.82,3410
2000/7/8,0,3450
2000/7/9,0,3560
2000/7/10,0,3690
2000/7/11,0,3720
2000/7/12,0,3560
2000/7/13,20.57,3300
2000/7/14,1.45,2980
2000/7/15,0.3,2700
2000/7/16,0,2730
2000/7/17,0,2920
2000/7/18,0,3140
2000/7/19,8.23,3420
2000/7/20,24.98,3870
2000/7/21,4,3870
2000/7/22,0,3800
2000/7/23,0,4010
2000/7/24,1.73,4020
2000/7/25,19,3750
2000/7/26,2.1,3480
2000/7/27,0,3250
2000/7/28,0,2930
2000/7/29,1,2460
2000/7/30,0,2110
2000/7/31,0,1910
2000/8/1,0,1690
2000/8/2,0,1460
2000/8/3,0.88,1180
2000/8/4,2.88,1080
2000/8/5,0,1120
2000/8/6,0,943
2000/8/7,0.9,936
2000/8/8,5.1,1240
2000/8/9,4.6,1260
2000/8/10,1.25,1200
2000/8/11,0.33,1260
2000/8/12,0.23,1400
2000/8/13,0.68,1520
2000/8/14,1.23,1370
2000/8/15,0,1080
2000/8/16,1.15,774
2000/8/17,0,555
2000/8/18,0,438
2000/8/19,11.78,240
2000/8/20,40.23,311
2000/8/21,0,570
2000/8/22,0,1150
2000/8/23,0,1540
2000/8/24,3.75,1550
2000/8/25,10.75,1570
2000/8/26,0.15,1650
2000/8/27,0,1620
2000/8/28,0.2,1400
2000/8/29,2.68,1230
2000/8/30,38.62,1170
2000/8/31,4.25,1330
2000/9/1,0.05,1280
2000/9/2,0.05,1180
2000/9/3,0,1270
2000/9/4,0,1320
2000/9/5,4.1,1250
2000/9/6,31.25,1100
2000/9/7,0.5,1070
2000/9/8,0.18,1340
2000/9/9,0,1400
2000/9/10,0.08,1490
2000/9/11,2.22,1320
2000/9/12,0.05,1170
2000/9/13,0,1090
2000/9/14,0,1010
2000/9/15,0,931
2000/9/16,0,864
2000/9/17,0,799
2000/9/18,0,730
2000/9/19,0,660
2000/9/20,0,588
2000/9/21,0,515
2000/9/22,4.93,442
2000/9/23,0,381
2000/9/24,23.8,344
2000/9/25,65.23,350
2000/9/26,24.25,518
2000/9/27,35.75,1070
2000/9/28,3.15,1670
2000/9/29,0.68,2260
2000/9/30,0,3060
2000/10/1,2.8,3370
2000/10/2,70.83,3430
2000/10/3,0,3340
2000/10/4,0,3330
2000/10/5,0,3510
2000/10/6,0,3530
2000/10/7,0,3360
2000/10/8,0,3050
2000/10/9,0,2700
2000/10/10,0,2400
2000/10/11,0,2120
2000/10/12,16.4,1880
2000/10/13,3.88,1740
2000/10/14,3,1610
2000/10/15,0,1460
2000/10/16,0,1400
2000/10/17,5.2,1460
2000/10/18,0,1490
2000/10/19,0,1440
2000/10/20,0,1390
2000/10/21,0.08,1410
2000/10/22,15.7,1450
2000/10/23,0.4,1330
2000/10/24,3.55,1260
2000/10/25,7.03,1220
2000/10/26,7.15,1290
2000/10/27,5.3,1430
2000/10/28,22.53,1600
2000/10/29,11.92,1640
2000/10/30,0,1790
2000/10/31,0,1970
2000/11/1,0,2230
2000/11/2,0,2560
2000/11/3,0,2800
2000/11/4,0,2850
2000/11/5,0,2710
2000/11/6,0,2460
2000/11/7,0,2210
2000/11/8,0,2000
2000/11/9,0,1730
2000/11/10,0.53,1550
2000/11/11,0.98,1430
2000/11/12,3.95,1330
2000/11/13,0,1230
2000/11/14,4.33,1140
2000/11/15,10.1,1060
2000/11/16,17.03,1020
2000/11/17,0.15,1040
2000/11/18,0,1080
2000/11/19,1.73,1110
2000/11/20,8.5,1150
2000/11/21,0,1180
2000/11/22,0,1170
2000/11/23,0,1130
2000/11/24,0,1080
2000/11/25,0,1040
2000/11/26,0,1000
2000/11/27,0.3,966
2000/11/28,0,935
2000/11/29,0,915
2000/11/30,11.73,929
2000/12/1,0.35,931
2000/12/2,2.25,909
2000/12/3,1.15,877
2000/12/4,0,861
2000/12/5,0,890
2000/12/6,0,943
2000/12/7,0,972
2000/12/8,0,935
2000/12/9,0,816
2000/12/10,6.07,744
2000/12/11,0,704
2000/12/12,0,705
2000/12/13,0,735
2000/12/14,0,684
2000/12/15,0,592
2000/12/16,0,514
2000/12/17,0,491
2000/12/18,0,532
2000/12/19,0,519
2000/12/20,9.05,494
2000/12/21,0,468
2000/12/22,0,441
2000/12/23,0,416
2000/12/24,0,393
2000/12/25,0,443
2000/12/26,0,505
2000/12/27,0,558
2000/12/28,0,571
2000/12/29,0,538
2000/12/30,0.2,472
2000/12/31,0,393
2001/1/1,0,315
2001/1/2,0,334
2001/1/3,0,357
2001/1/4,0,361
2001/1/5,0,382
2001/1/6,7.85,389
2001/1/7,6.88,379
2001/1/8,2.47,354
2001/1/9,15.1,349
2001/1/10,0,400
2001/1/11,0,503
2001/1/12,0,634
2001/1/13,0,678
2001/1/14,0,676
2001/1/15,0.08,657
2001/1/16,0,636
2001/1/17,0,621
2001/1/18,0,624
2001/1/19,0,635
2001/1/20,1.95,639
2001/1/21,0,626
2001/1/22,4.42,617
2001/1/23,1.17,627
2001/1/24,9.08,620
2001/1/25,2.57,615
2001/1/26,9.67,644
2001/1/27,0,670
2001/1/28,0,691
2001/1/29,0,697
2001/1/30,0,691
2001/1/31,0,676
2001/2/1,0,668
2001/2/2,0,664
2001/2/3,0,687
2001/2/4,0,703
2001/2/5,0.68,701
2001/2/6,1.22,692
2001/2/7,3.28,681
2001/2/8,0,669
2001/2/9,0,655
2001/2/10,0,640
2001/2/11,0,625
2001/2/12,8.2,619
2001/2/13,6.03,618
2001/2/14,0,622
2001/2/15,0,632
2001/2/16,0,662
2001/2/17,0,718
2001/2/18,0,771
2001/2/19,0,790
2001/2/20,1.15,791
2001/2/21,8.1,788
2001/2/22,0,786
2001/2/23,3.88,782
2001/2/24,5.7,777
2001/2/25,0,772
2001/2/26,0,766
2001/2/27,1.95,759
2001/2/28,0.8,752
2001/3/1,0,744
2001/3/2,0,738
2001/3/3,0,754
2001/3/4,0,760
2001/3/5,0,735
2001/3/6,0,707
2001/3/7,0,666
2001/3/8,0,604
2001/3/9,0,522
2001/3/10,0,417
2001/3/11,0,343
2001/3/12,0,350
2001/3/13,0,367
2001/3/14,0,386
2001/3/15,0,403
2001/3/16,12.28,412
2001/3/17,2.05,414
2001/3/18,0,388
2001/3/19,0,299
2001/3/20,0,264
2001/3/21,0,276
2001/3/22,0,290
2001/3/23,0,293
2001/3/24,0,283
2001/3/25,0,280
2001/3/26,0,283
2001/3/27,0,290
2001/3/28,0,286
2001/3/29,0,291
2001/3/30,0,297
2001/3/31,0,292
2001/4/1,0,286
2001/4/2,0,286
2001/4/3,0,285
2001/4/4,0,283
2001/4/5,0,281
2001/4/6,0,277
2001/4/7,0,273
2001/4/8,1.95,269
2001/4/9,0.15,261
2001/4/10,2.75,250
2001/4/11,10.35,234
2001/4/12,0,214
2001/4/13,0,191
2001/4/14,0,171
2001/4/15,0,159
2001/4/16,0,157
2001/4/17,0,156
2001/4/18,0,156
2001/4/19,0,157
2001/4/20,0.92,158
2001/4/21,1.08,159
2001/4/22,0,160
2001/4/23,0.6,162
2001/4/24,4.67,163
2001/4/25,0,165
2001/4/26,0,166
2001/4/27,0.35,166
2001/4/28,3.63,168
2001/4/29,5.77,168
2001/4/30,0,168
2001/5/1,0,169
2001/5/2,0,169
2001/5/3,0,168
2001/5/4,0,164
2001/5/5,1.55,159
2001/5/6,0,154
2001/5/7,0,149
2001/5/8,0.03,144
2001/5/9,0,138
2001/5/10,0,131
2001/5/11,0,125
2001/5/12,0,120
2001/5/13,0,116
2001/5/14,0,113
2001/5/15,1.8,110
2001/5/16,0.03,106
2001/5/17,0,104
2001/5/18,0,102
2001/5/19,0,99.4
2001/5/20,0,96.9
2001/5/21,0,94.5
2001/5/22,0,91.4
2001/5/23,0,88.6
2001/5/24,0,85.3
2001/5/25,0,80.6
2001/5/26,10.97,73.5
2001/5/27,2.82,64.8
2001/5/28,0,56.9
2001/5/29,0,51
2001/5/30,0.23,48.4
2001/5/31,0,46.6
2001/6/1,0,45.7
2001/6/2,0,46.5
2001/6/3,0,48.3
2001/6/4,2,49.7
2001/6/5,0.3,49.8
2001/6/6,0.25,49.7
2001/6/7,0,49.4
2001/6/8,0,48.6
2001/6/9,0.17,47.5
2001/6/10,3.32,46.2
2001/6/11,0,44.6
2001/6/12,0,42.4
2001/6/13,25.63,39.6
2001/6/14,0,37.2
2001/6/15,0,35.3
2001/6/16,0,45.8
2001/6/17,0,70.3
2001/6/18,33.22,93.8
2001/6/19,1,116
2001/6/20,0,138
2001/6/21,0,158
2001/6/22,0.05,174
2001/6/23,0,186
2001/6/24,0,188
2001/6/25,0,171
2001/6/26,0,149
2001/6/27,0,132
2001/6/28,1.2,118
2001/6/29,0,108
2001/6/30,1.9,99.7
2001/7/1,0,92.4
2001/7/2,0,86.3
2001/7/3,0,80.8
2001/7/4,0.38,76.7
2001/7/5,0,73.3
2001/7/6,0.63,70.3
2001/7/7,0,67.6
2001/7/8,0,64.9
2001/7/9,0,62.3
2001/7/10,0,59.7
2001/7/11,0,57
2001/7/12,0.13,54
2001/7/13,0,51.1
2001/7/14,10.67,48
2001/7/15,1.25,44.5
2001/7/16,0,41.2
2001/7/17,0,37.4
2001/7/18,0,32.2
2001/7/19,0,26.6
2001/7/20,0,24.7
2001/7/21,2.48,20.7
2001/7/22,0,16.2
2001/7/23,0.47,12.5
2001/7/24,16.8,11.6
2001/7/25,0,14.8
2001/7/26,3.45,18.5
2001/7/27,1.42,23.5
2001/7/28,0.05,27.7
2001/7/29,0,34.7
2001/7/30,0,131
2001/7/31,2.8,424
2001/8/1,3.67,625
2001/8/2,0,795
2001/8/3,0,936
2001/8/4,24.75,797
2001/8/5,0,723
2001/8/6,0,441
2001/8/7,8.35,235
2001/8/8,6.47,218
2001/8/9,2.38,199
2001/8/10,0,166
2001/8/11,0.23,155
2001/8/12,0,182
2001/8/13,0,194
2001/8/14,0,188
2001/8/15,0.2,179
2001/8/16,0.18,168
2001/8/17,0.03,156
2001/8/18,3.98,145
2001/8/19,0,137
2001/8/20,0,130
2001/8/21,0.03,125
2001/8/22,2.05,121
2001/8/23,0,120
2001/8/24,0,119
2001/8/25,0,119
2001/8/26,1.67,119
2001/8/27,0,116
2001/8/28,0,102
2001/8/29,0.18,84.4
2001/8/30,2.35,69.5
2001/8/31,0.75,63.9
2001/9/1,0.8,69.9
2001/9/2,0,78.7
2001/9/3,0,88.2
2001/9/4,0.08,97.6
2001/9/5,0,104
2001/9/6,0,109
2001/9/7,0,110
2001/9/8,0,105
2001/9/9,0,98.9
2001/9/10,0,93.3
2001/9/11,0,88.8
2001/9/12,0,84.7
2001/9/13,0,81.2
2001/9/14,0,77.8
2001/9/15,0,74.2
2001/9/16,0,71
2001/9/17,0,67.9
2001/9/18,0,64.5
2001/9/19,0,61.3
2001/9/20,0,58.7
2001/9/21,0,56
2001/9/22,0.43,53.6
2001/9/23,0,51.5
2001/9/24,0,49.4
2001/9/25,0,47.8
2001/9/26,0,47
2001/9/27,0,47.2
2001/9/28,0,48.1
2001/9/29,0,50.6
2001/9/30,0.03,54.8
2001/10/1,0,59.4
2001/10/2,0,57.6
2001/10/3,0.35,55
2001/10/4,0,52.5
2001/10/5,0,50.3
2001/10/6,0,48.4
2001/10/7,8.88,46.9
2001/10/8,0.57,46
2001/10/9,0,45.5
2001/10/10,0,45.6
2001/10/11,0,46.6
2001/10/12,0,48.7
2001/10/13,0,52
2001/10/14,0.85,54.4
2001/10/15,9.28,49.8
2001/10/16,0.35,46.6
2001/10/17,0.1,44.8
2001/10/18,0,44
2001/10/19,0,44
2001/10/20,2.13,44.2
2001/10/21,8.1,45.1
2001/10/22,0.15,47
2001/10/23,0,49.3
2001/10/24,0.63,52.2
2001/10/25,0.5,55
2001/10/26,14.05,58.1
2001/10/27,13.58,61.4
2001/10/28,0.08,64.5
2001/10/29,0,66.9
2001/10/30,0,68.7
2001/10/31,0.93,70
2001/11/1,0.3,70.8
2001/11/2,1.97,71.5
2001/11/3,5.63,71.9
2001/11/4,0.43,73.1
2001/11/5,3.15,75.9
2001/11/6,0,78.5
2001/11/7,0,81.2
2001/11/8,0,83.5
2001/11/9,0,85.7
2001/11/10,0,86.2
2001/11/11,0,84.3
2001/11/12,0,81.8
2001/11/13,0,79.5
2001/11/14,0,77.5
2001/11/15,0,75.7
2001/11/16,0,74.2
2001/11/17,0,73.2
2001/11/18,0,73
2001/11/19,0,76
2001/11/20,0,80.4
2001/11/21,0,85
2001/11/22,0,90.2
2001/11/23,0,95.8
2001/11/24,0,101
2001/11/25,0,101
2001/11/26,0,96.9
2001/11/27,0,92.2
2001/11/28,0,87.5
2001/11/29,0.85,82.2
2001/11/30,0,76.8
2001/12/1,0.1,72.6
2001/12/2,0,70.2
2001/12/3,12.5,69.4
2001/12/4,6.78,70.3
2001/12/5,14.15,72.4
2001/12/6,9.72,74.5
2001/12/7,0,76.4
2001/12/8,0.18,78.3
2001/12/9,8.58,80.4
2001/12/10,10.83,83.9
2001/12/11,3.85,90.4
2001/12/12,3.78,100
2001/12/13,0.43,112
2001/12/14,0,127
2001/12/15,0,144
2001/12/16,0,152
2001/12/17,0.15,154
2001/12/18,2.25,153
2001/12/19,0.55,152
2001/12/20,0.63,150
2001/12/21,2.25,147
2001/12/22,0,144
2001/12/23,0,140
2001/12/24,0,135
2001/12/25,0,127
2001/12/26,0,117
2001/12/27,0,108
2001/12/28,0,100
2001/12/29,0,94.5
2001/12/30,0,89.8
2001/12/31,0,86
2002/1/1,0,82.7
2002/1/2,0,80.4
2002/1/3,0,78
2002/1/4,0,75.6
2002/1/5,0,73.3
2002/1/6,0,71.1
2002/1/7,0,69.1
2002/1/8,0,67.1
2002/1/9,0,64.6
2002/1/10,0,61.8
2002/1/11,0.08,58.7
2002/1/12,0.95,55.1
2002/1/13,1.07,50.6
2002/1/14,0.1,46.1
2002/1/15,0.08,43.5
2002/1/16,12.52,42.1
2002/1/17,0,41.5
2002/1/18,0.03,41.6
2002/1/19,0,42.6
2002/1/20,0,45
2002/1/21,0,49.2
2002/1/22,0,54.4
2002/1/23,0,60.7
2002/1/24,0,66.5
2002/1/25,0,70.8
2002/1/26,3.75,74.6
2002/1/27,0,77.6
2002/1/28,0,79.5
2002/1/29,0,81.2
2002/1/30,0,82.6
2002/1/31,0,83.9
2002/2/1,0,85.2
2002/2/2,0,86.1
2002/2/3,0,86.8
2002/2/4,0,86.6
2002/2/5,0,86
2002/2/6,0,85
2002/2/7,0,83.7
2002/2/8,0,81.9
2002/2/9,0,79.4
2002/2/10,0,77.2
2002/2/11,0,75.5
2002/2/12,0,74.3
2002/2/13,0,73.7
2002/2/14,0,73.5
2002/2/15,0,73.1
2002/2/16,0,72.6
2002/2/17,0,72.1
2002/2/18,0,71.5
2002/2/19,0,70.9
2002/2/20,0,70.3
2002/2/21,3.8,69.6
2002/2/22,0,68.9
2002/2/23,8.05,68.1
2002/2/24,0,67.4
2002/2/25,0.08,66.5
2002/2/26,2.57,65.8
2002/2/27,17.4,67.4
2002/2/28,2.78,84.2
2002/3/1,1.18,108
2002/3/2,17.28,135
2002/3/3,9.97,164
2002/3/4,18,196
2002/3/5,19.45,234
2002/3/6,0,284
2002/3/7,0,406
2002/3/8,0,622
2002/3/9,0,652
2002/3/10,0,599
2002/3/11,0,536
2002/3/12,0,462
2002/3/13,0,377
2002/3/14,6.15,283
2002/3/15,0,202
2002/3/16,0,185
2002/3/17,0,177
2002/3/18,0,169
2002/3/19,0,162
2002/3/20,0,155
2002/3/21,2.43,148
2002/3/22,19.45,143
2002/3/23,0,137
2002/3/24,0,134
2002/3/25,0,130
2002/3/26,1.02,127
2002/3/27,0.4,124
2002/3/28,0,121
2002/3/29,0,118
2002/3/30,0,114
2002/3/31,0,110
2002/4/1,0,106
2002/4/2,0,102
2002/4/3,0.17,98.9
2002/4/4,0.17,95.8
2002/4/5,18.67,93
2002/4/6,0.65,90.9
2002/4/7,0,89.5
2002/4/8,6.52,89.5
2002/4/9,0,90
2002/4/10,0,90.5
2002/4/11,0.13,91.2
2002/4/12,0,92.2
2002/4/13,0,93.2
2002/4/14,0,94.2
2002/4/15,0,95.2
2002/4/16,36.4,96.5
2002/4/17,1.38,97.9
2002/4/18,0,99.2
2002/4/19,0,100
2002/4/20,0,101
2002/4/21,0,102
2002/4/22,0,103
2002/4/23,0,104
2002/4/24,0,105
2002/4/25,0.1,106
2002/4/26,0.8,104
2002/4/27,1.42,101
2002/4/28,3.67,98.2
2002/4/29,1.6,94.8
2002/4/30,8.2,91.1
2002/5/1,0,87.1
2002/5/2,5.58,82.8
2002/5/3,0.53,77.9
2002/5/4,1.75,83.7
2002/5/5,5.87,116
2002/5/6,34.85,139
2002/5/7,21.4,159
2002/5/8,0,345
2002/5/9,1.57,961
2002/5/10,0.23,1450
2002/5/11,0,1370
2002/5/12,0,1160
2002/5/13,1.7,1030
2002/5/14,38.13,972
2002/5/15,1.52,933
2002/5/16,0,890
2002/5/17,0,860
2002/5/18,0.08,880
2002/5/19,0.03,880
2002/5/20,1.01,842
2002/5/21,30.35,780
2002/5/22,5.47,736
2002/5/23,0,727
2002/5/24,0,728
2002/5/25,1.33,704
2002/5/26,0.23,631
2002/5/27,1,551
2002/5/28,3.9,485
2002/5/29,1.13,430
2002/5/30,10.45,386
2002/5/31,0,347
2002/6/1,0,312
2002/6/2,0,281
2002/6/3,0,253
2002/6/4,0,228
2002/6/5,0,207
2002/6/6,0,187
2002/6/7,0,172
2002/6/8,2.1,159
2002/6/9,2.24,146
2002/6/10,12.88,136
2002/6/11,0,129
2002/6/12,0,125
2002/6/13,0,139
2002/6/14,0,157
2002/6/15,0,160
2002/6/16,0,152
2002/6/17,0,143
2002/6/18,0.03,134
2002/6/19,1.51,124
2002/6/20,31.95,118
2002/6/21,8.92,169
2002/6/22,30.47,364
2002/6/23,82.13,559
2002/6/24,50.72,931
2002/6/25,0,1900
2002/6/26,0,2640
2002/6/27,13.4,3440
2002/6/28,78.15,4220
2002/6/29,0,4620
2002/6/30,0,5050
2002/7/1,0,5460
2002/7/2,0,5550
2002/7/3,0.39,4850
2002/7/4,2.08,3980
2002/7/5,1.25,3450
2002/7/6,4.75,3030
2002/7/7,16.23,2560
2002/7/8,1.1,2220
2002/7/9,0,2070
2002/7/10,0,1950
2002/7/11,0,1740
2002/7/12,0,1580
2002/7/13,0,1400
2002/7/14,0,1240
2002/7/15,1.6,1050
2002/7/16,0,821
2002/7/17,6.5,594
2002/7/18,25.75,497
2002/7/19,0.52,462
2002/7/20,0.57,399
2002/7/21,5.6,337
2002/7/22,24.25,395
2002/7/23,73.93,505
2002/7/24,61.93,911
2002/7/25,8.13,1610
2002/7/26,11.05,2010
2002/7/27,55.35,2780
2002/7/28,0.6,4460
2002/7/29,0,5880
2002/7/30,0,6150
2002/7/31,0.05,5540
2002/8/1,0,5060
2002/8/2,0.3,4560
2002/8/3,0,3990
2002/8/4,0,3490
2002/8/5,0,3060
2002/8/6,0.97,2670
2002/8/7,15.55,2380
2002/8/8,0,2190
2002/8/9,0.025,1980
2002/8/10,0,1800
2002/8/11,0,1680
2002/8/12,0.42,1620
2002/8/13,6.35,1450
2002/8/14,15.93,1220
2002/8/15,3.55,1150
2002/8/16,0.38,1030
2002/8/17,0.43,973
2002/8/18,0.13,979
2002/8/19,0.7,1030
2002/8/20,0,1120
2002/8/21,0,1120
2002/8/22,0,1010
2002/8/23,0,929
2002/8/24,3.69,851
2002/8/25,19.75,791
2002/8/26,15.8,813
2002/8/27,0.08,831
2002/8/28,0,723
2002/8/29,0,670
2002/8/30,0,718
2002/8/31,0,714
2002/9/1,0,622
2002/9/2,0,514
2002/9/3,0,473
2002/9/4,0,415
2002/9/5,0,358
2002/9/6,0,305
2002/9/7,0,281
2002/9/8,0,287
2002/9/9,0.05,310
2002/9/10,0.05,297
2002/9/11,0,264
2002/9/12,0,239
2002/9/13,2,256
2002/9/14,1.5,283
2002/9/15,24.1,307
2002/9/16,1.2,327
2002/9/17,0,343
2002/9/18,0,356
2002/9/19,0,362
2002/9/20,0,360
2002/9/21,1.22,352
2002/9/22,3.9,339
2002/9/23,0,325
2002/9/24,0,308
2002/9/25,0,290
2002/9/26,0,264
2002/9/27,0.68,229
2002/9/28,0,181
2002/9/29,0,143
2002/9/30,0,128
2002/10/1,0,120
2002/10/2,0,120
2002/10/3,0,120
2002/10/4,0,120
2002/10/5,0,120
2002/10/6,0,120
2002/10/7,0,120
2002/10/8,0,120
2002/10/9,0,122
2002/10/10,0,124
2002/10/11,0,127
2002/10/12,0,131
2002/10/13,0,135
2002/10/14,0,141
2002/10/15,0,149
2002/10/16,0,160
2002/10/17,0.7,177
2002/10/18,35.1,195
2002/10/19,0,215
2002/10/20,9.77,236
2002/10/21,0.95,258
2002/10/22,0,276
2002/10/23,0,278
2002/10/24,0,272
2002/10/25,0,266
2002/10/26,0,261
2002/10/27,0,255
2002/10/28,0,249
2002/10/29,0,243
2002/10/30,0,235
2002/10/31,0.1,224
2002/11/1,0,212
2002/11/2,0,199
2002/11/3,0,185
2002/11/4,0,170
2002/11/5,0,154
2002/11/6,0,144
2002/11/7,0,138
2002/11/8,0,139
2002/11/9,0,141
2002/11/10,1.2,145
2002/11/11,0,150
2002/11/12,0,155
2002/11/13,0,162
2002/11/14,0,171
2002/11/15,0,174
2002/11/16,0,159
2002/11/17,0,143
2002/11/18,0,131
2002/11/19,0,119
2002/11/20,2.875,110
2002/11/21,0,102
2002/11/22,0,97.8
2002/11/23,0,95.7
2002/11/24,0,95.6
2002/11/25,0,96.1
2002/11/26,0,96.9
2002/11/27,0,98
2002/11/28,0,99.4
2002/11/29,0,101
2002/11/30,0,103
2002/12/1,0,105
2002/12/2,0,107
2002/12/3,13.97,109
2002/12/4,0.08,110
2002/12/5,1.95,112
2002/12/6,8.8,113
2002/12/7,10.8,114
2002/12/8,2.03,115
2002/12/9,0,116
2002/12/10,0,120
2002/12/11,0,125
2002/12/12,0,130
2002/12/13,0,137
2002/12/14,0,145
2002/12/15,0,154
2002/12/16,0,166
2002/12/17,1.67,200
2002/12/18,6.05,247
2002/12/19,8.08,297
2002/12/20,2.1,357
2002/12/21,9.45,430
2002/12/22,4.4,493
2002/12/23,3.13,533
2002/12/24,0.15,537
2002/12/25,2.08,530
2002/12/26,0,520
2002/12/27,0,500
2002/12/28,0,443
2002/12/29,0,365
2002/12/30,0,305
2002/12/31,0,257
2003/1/1,0,225
2003/1/2,0,217
2003/1/3,0,217
2003/1/4,0,217
2003/1/5,0,216
2003/1/6,0,214
2003/1/7,0,210
2003/1/8,0,207
2003/1/9,0,202
2003/1/10,0,196
2003/1/11,0,190
2003/1/12,0,183
2003/1/13,0,176
2003/1/14,0,168
2003/1/15,0,160
2003/1/16,0,150
2003/1/17,0,142
2003/1/18,0,136
2003/1/19,0,134
2003/1/20,0,132
2003/1/21,0,130
2003/1/22,6.67,130
2003/1/23,0,130
2003/1/24,0,129
2003/1/25,1.75,128
2003/1/26,3.78,128
2003/1/27,0.4,129
2003/1/28,0,130
2003/1/29,0,130
2003/1/30,0,136
2003/1/31,8.07,164
2003/2/1,0.88,221
2003/2/2,0,237
2003/2/3,0,228
2003/2/4,0,213
2003/2/5,0,193
2003/2/6,0,170
2003/2/7,0,143
2003/2/8,2.2,127
2003/2/9,0.65,124
2003/2/10,17.58,127
2003/2/11,17.28,143
2003/2/12,0,177
2003/2/13,0,233
2003/2/14,0.48,328
2003/2/15,1.88,408
2003/2/16,0.03,449
2003/2/17,0,449
2003/2/18,0,446
2003/2/19,0,441
2003/2/20,0,437
2003/2/21,0.23,432
2003/2/22,1.75,423
2003/2/23,0.05,400
2003/2/24,0,402
2003/2/25,0.65,414
2003/2/26,17.38,420
2003/2/27,0,395
2003/2/28,3.67,288
2003/3/1,0.3,286
2003/3/2,0.6,302
2003/3/3,10.92,307
2003/3/4,0.95,302
2003/3/5,6.88,335
2003/3/6,8.57,433
2003/3/7,0,560
2003/3/8,0,666
2003/3/9,0,662
2003/3/10,0,661
2003/3/11,0,690
2003/3/12,0,716
2003/3/13,0,724
2003/3/14,10.37,704
2003/3/15,15.92,679
2003/3/16,22.9,738
2003/3/17,12.73,1040
2003/3/18,0.52,1510
2003/3/19,0,1780
2003/3/20,0,1910
2003/3/21,0,1930
2003/3/22,0,1810
2003/3/23,0,1650
2003/3/24,0,1490
2003/3/25,0,1310
2003/3/26,0,1110
2003/3/27,9.85,1000
2003/3/28,0,936
2003/3/29,0,814
2003/3/30,0,712
2003/3/31,18.65,630
2003/4/1,10.42,596
2003/4/2,8.27,604
2003/4/3,2.08,739
2003/4/4,0.15,1010
2003/4/5,0,1090
2003/4/6,0,1070
2003/4/7,2.48,966
2003/4/8,0,863
2003/4/9,0,758
2003/4/10,0.05,682
2003/4/11,2.03,637
2003/4/12,0,578
2003/4/13,0,503
2003/4/14,0,486
2003/4/15,0,566
2003/4/16,0,510
2003/4/17,0,477
2003/4/18,42.47,461
2003/4/19,8.83,482
2003/4/20,6.43,516
2003/4/21,0,585
2003/4/22,0.18,736
2003/4/23,9.7,858
2003/4/24,3.55,835
2003/4/25,7.73,757
2003/4/26,0,760
2003/4/27,0.25,807
2003/4/28,2.93,872
2003/4/29,0.83,956
2003/4/30,0,1040
2003/5/1,0,1070
2003/5/2,0,1070
2003/5/3,5.2,1010
2003/5/4,13.92,869
2003/5/5,0.23,796
2003/5/6,1.22,761
2003/5/7,18.78,888
2003/5/8,0.13,1140
2003/5/9,0,1400
2003/5/10,0.05,1650
2003/5/11,0,1780
2003/5/12,2,1780
2003/5/13,0.88,1630
2003/5/14,0,1490
2003/5/15,0.28,1350
2003/5/16,0.28,1230
2003/5/17,0.25,1120
2003/5/18,0,1030
2003/5/19,0.05,946
2003/5/20,0,883
2003/5/21,0,840
2003/5/22,0,808
2003/5/23,0.03,784
2003/5/24,0.55,743
2003/5/25,0,656
2003/5/26,0,574
2003/5/27,0,505
2003/5/28,0,444
2003/5/29,0,392
2003/5/30,0,351
2003/5/31,0,314
2003/6/1,0,280
2003/6/2,0.12,239
2003/6/3,1,199
2003/6/4,1.25,171
2003/6/5,0,155
2003/6/6,0,142
2003/6/7,0,134
2003/6/8,0,128
2003/6/9,0,125
2003/6/10,5.73,125
2003/6/11,49.1,141
2003/6/12,2.03,273
2003/6/13,0,556
2003/6/14,0,954
2003/6/15,0,1130
2003/6/16,0,1000
2003/6/17,0,812
2003/6/18,0,616
2003/6/19,0,498
2003/6/20,3.35,416
2003/6/21,24.85,348
2003/6/22,11.45,329
2003/6/23,35.53,591
2003/6/24,0,1030
2003/6/25,0,1350
2003/6/26,5.23,1790
2003/6/27,30.95,1930
2003/6/28,0,2100
2003/6/29,3.8,2240
2003/6/30,82.55,2390
2003/7/1,43.07,2730
2003/7/2,46.4,3480
2003/7/3,25.85,4630
2003/7/4,6.65,6430
2003/7/5,2.82,7440
2003/7/6,1.75,7490
2003/7/7,0,6930
2003/7/8,5.11,5780
2003/7/9,55.09,6340
2003/7/10,46.87,6090
2003/7/11,7.33,6280
2003/7/12,9.95,7240
2003/7/13,0,7430
2003/7/14,0,7250
2003/7/15,0,6750
2003/7/16,0,6230
2003/7/17,2.25,5740
2003/7/18,22.2,5380
2003/7/19,5.43,5100
2003/7/20,22.69,4870
2003/7/21,5.78,4750
2003/7/22,25.65,4710
2003/7/23,0,4900
2003/7/24,0,5450
2003/7/25,0,5990
2003/7/26,0,6020
2003/7/27,0,5760
2003/7/28,0,5260
2003/7/29,0,4930
2003/7/30,0,4740
2003/7/31,0,4550
2003/8/1,0,4290
2003/8/2,0,3930
2003/8/3,0,3620
2003/8/4,15.32,3380
2003/8/5,1.5,3150
2003/8/6,0,2930
2003/8/7,1.25,2770
2003/8/8,2.5,2610
2003/8/9,11.15,2460
2003/8/10,19.01,2350
2003/8/11,5.38,2250
2003/8/12,5.82,2140
2003/8/13,12.9,2060
2003/8/14,9.05,2000
2003/8/15,1.15,1960
2003/8/16,9.17,1960
2003/8/17,21.57,2260
2003/8/18,2.3,2310
2003/8/19,16.55,2350
2003/8/20,0.88,2390
2003/8/21,5.25,2380
2003/8/22,2.5,2330
2003/8/23,0,2220
2003/8/24,3.2,2130
2003/8/25,30.75,2090
2003/8/26,2.68,2160
2003/8/27,0,2310
2003/8/28,3.77,2360
2003/8/29,9.92,2350
2003/8/30,5.52,2350
2003/8/31,4.57,2510
2003/9/1,0.17,2780
2003/9/2,0.18,3100
2003/9/3,6.72,3420
2003/9/4,0.35,3670
2003/9/5,0.03,3920
2003/9/6,0.23,4090
2003/9/7,0.08,4120
2003/9/8,4.87,4040
2003/9/9,25.7,3840
2003/9/10,0,3690
2003/9/11,0.05,3580
2003/9/12,0,3480
2003/9/13,0,3270
2003/9/14,0,2940
2003/9/15,0,2530
2003/9/16,0,2340
2003/9/17,3.83,2240
2003/9/18,10.3,2160
2003/9/19,1.3,2050
2003/9/20,3.65,1960
2003/9/21,0.13,1900
2003/9/22,0,1830
2003/9/23,0,1760
2003/9/24,0,1730
2003/9/25,0,1680
2003/9/26,0,1610
2003/9/27,0,1550
2003/9/28,0,1500
2003/9/29,0,1440
2003/9/30,0,1350
2003/10/1,0,1210
2003/10/2,22.5,1150
2003/10/3,6.55,1090
2003/10/4,5.23,1040
2003/10/5,12.3,1030
2003/10/6,13.88,1050
2003/10/7,0.4,1210
2003/10/8,0,1650
2003/10/9,0,2090
2003/10/10,0.3,2300
2003/10/11,24.1,2360
2003/10/12,13.2,2220
2003/10/13,1,2170
2003/10/14,0,2270
2003/10/15,0,2420
2003/10/16,0,2570
2003/10/17,0,2840
2003/10/18,0,3000
2003/10/19,0,2890
2003/10/20,0,2570
2003/10/21,0,2290
2003/10/22,0,2030
2003/10/23,0,1790
2003/10/24,0,1640
2003/10/25,0,1580
2003/10/26,0,1520
2003/10/27,0,1440
2003/10/28,0,1360
2003/10/29,0,1290
2003/10/30,0,1250
2003/10/31,0,1210
2003/11/1,0,1100
2003/11/2,0,968
2003/11/3,0,835
2003/11/4,0,708
2003/11/5,0.8,672
2003/11/6,0,690
2003/11/7,0.13,659
2003/11/8,8.35,572
2003/11/9,7.65,481
2003/11/10,21.8,396
2003/11/11,0,414
2003/11/12,0,598
2003/11/13,0,789
2003/11/14,0,921
2003/11/15,0,878
2003/11/16,0,783
2003/11/17,0,681
2003/11/18,0,650
2003/11/19,11.1,665
2003/11/20,8.45,637
2003/11/21,0,626
2003/11/22,0,631
2003/11/23,0,632
2003/11/24,0.33,605
2003/11/25,0,565
2003/11/26,0.28,523
2003/11/27,1.27,494
2003/11/28,0,468
2003/11/29,0,448
2003/11/30,0,431
2003/12/1,0,414
2003/12/2,0,391
2003/12/3,0.08,361
2003/12/4,1.15,333
2003/12/5,3.95,338
2003/12/6,2.55,361
2003/12/7,0,394
2003/12/8,0,427
2003/12/9,5.57,457
2003/12/10,0.1,491
2003/12/11,3.38,523
2003/12/12,0,555
2003/12/13,0,582
2003/12/14,0,584
2003/12/15,0,565
2003/12/16,0,536
2003/12/17,0,506
2003/12/18,0,475
2003/12/19,0,439
2003/12/20,0,405
2003/12/21,0,369
2003/12/22,0,331
2003/12/23,0,293
2003/12/24,0,268
2003/12/25,0,274
2003/12/26,0,295
2003/12/27,0,309
2003/12/28,0,324
2003/12/29,0,337
2003/12/30,0.22,328
2003/12/31,2.25,309
2004/1/1,0,290
2004/1/2,0,275
2004/1/3,0,278
2004/1/4,0,286
2004/1/5,0,294
2004/1/6,0,300
2004/1/7,0,299
2004/1/8,4.45,275
2004/1/9,0,243
2004/1/10,3.7,217
2004/1/11,22.73,208
2004/1/12,0,216
2004/1/13,0,228
2004/1/14,0,243
2004/1/15,0,263
2004/1/16,5.85,297
2004/1/17,1.35,375
2004/1/18,0.23,492
2004/1/19,0,510
2004/1/20,0,503
2004/1/21,0,474
2004/1/22,0,438
2004/1/23,0,403
2004/1/24,0,371
2004/1/25,0,356
2004/1/26,0,360
2004/1/27,0,366
2004/1/28,0,372
2004/1/29,0,375
2004/1/30,0,378
2004/1/31,0,375
2004/2/1,0,354
2004/2/2,0,303
2004/2/3,0,246
2004/2/4,0,232
2004/2/5,0,234
2004/2/6,0,242
2004/2/7,0,249
2004/2/8,0,254
2004/2/9,0,254
2004/2/10,0,252
2004/2/11,0,246
2004/2/12,0,236
2004/2/13,0,226
2004/2/14,0,215
2004/2/15,0,206
2004/2/16,0,195
2004/2/17,0,185
2004/2/18,0,176
2004/2/19,0,184
2004/2/20,0,234
2004/2/21,15.88,299
2004/2/22,0.28,331
2004/2/23,0,327
2004/2/24,0,318
2004/2/25,0,321
2004/2/26,0,326
2004/2/27,0,319
2004/2/28,0,307
2004/2/29,0,295
2004/3/1,1.53,283
2004/3/2,0,281
2004/3/3,0.05,291
2004/3/4,0,305
2004/3/5,0,308
2004/3/6,0,296
2004/3/7,0,262
2004/3/8,0,220
2004/3/9,0,190
2004/3/10,0,188
2004/3/11,0,192
2004/3/12,8.87,200
2004/3/13,0,208
2004/3/14,0,215
2004/3/15,0,221
2004/3/16,0,226
2004/3/17,2.1,230
2004/3/18,0.15,233
2004/3/19,0,233
2004/3/20,15.33,230
2004/3/21,15.4,226
2004/3/22,0.1,221
2004/3/23,0,216
2004/3/24,0,211
2004/3/25,5.67,207
2004/3/26,0,203
2004/3/27,0,200
2004/3/28,0,198
2004/3/29,0,195
2004/3/30,0,192
2004/3/31,0,189
2004/4/1,1.45,186
2004/4/2,0,182
2004/4/3,0,177
2004/4/4,0,172
2004/4/5,0,165
2004/4/6,0,155
2004/4/7,0,145
2004/4/8,0,137
2004/4/9,0,131
2004/4/10,0.05,127
2004/4/11,0,124
2004/4/12,0,122
2004/4/13,0,121
2004/4/14,0,120
2004/4/15,0,120
2004/4/16,0,122
2004/4/17,0,128
2004/4/18,13.43,138
2004/4/19,6.22,147
2004/4/20,0,154
2004/4/21,0,159
2004/4/22,0,161
2004/4/23,0,160
2004/4/24,0.08,159
2004/4/25,0,158
2004/4/26,2.78,156
2004/4/27,0,155
2004/4/28,0,153
2004/4/29,2.32,151
2004/4/30,6.13,150
2004/5/1,0,149
2004/5/2,0,148
2004/5/3,7.38,148
2004/5/4,5.62,148
2004/5/5,0,150
2004/5/6,0,152
2004/5/7,0,154
2004/5/8,4.17,156
2004/5/9,0.75,157
2004/5/10,0,157
2004/5/11,0,157
2004/5/12,6.45,158
2004/5/13,0,175
2004/5/14,0,187
2004/5/15,1.12,186
2004/5/16,0,181
2004/5/17,0,171
2004/5/18,0,160
2004/5/19,2.87,147
2004/5/20,0,136
2004/5/21,0,126
2004/5/22,0,119
2004/5/23,0,114
2004/5/24,0,112
2004/5/25,0.03,111
2004/5/26,6.3,105
2004/5/27,3.18,92
2004/5/28,24.8,70.2
2004/5/29,0,67.9
2004/5/30,0.47,75.9
2004/5/31,0.53,97.7
2004/6/1,0,130
2004/6/2,0,171
2004/6/3,0,221
2004/6/4,10.28,262
2004/6/5,24.65,214
2004/6/6,6.4,190
2004/6/7,0.13,307
2004/6/8,5.5,531
2004/6/9,0,661
2004/6/10,0,504
2004/6/11,0,372
2004/6/12,0,256
2004/6/13,0,220
2004/6/14,5.4,239
2004/6/15,37.2,320
2004/6/16,1.63,463
2004/6/17,0,690
2004/6/18,1.15,1110
2004/6/19,2.7,1350
2004/6/20,0,1320
2004/6/21,0.25,1280
2004/6/22,0,1210
2004/6/23,0,995
2004/6/24,5.72,638
2004/6/25,0,461
2004/6/26,0,502
2004/6/27,0,525
2004/6/28,0,525
2004/6/29,0,483
2004/6/30,0,412
2004/7/1,11.77,340
2004/7/2,0,277
2004/7/3,0,235
2004/7/4,0,208
2004/7/5,0,199
2004/7/6,2.78,193
2004/7/7,0,191
2004/7/8,4.97,195
2004/7/9,1.8,206
2004/7/10,2.62,226
2004/7/11,27.95,253
2004/7/12,0.28,288
2004/7/13,6.88,334
2004/7/14,0,400
2004/7/15,0,411
2004/7/16,6.03,324
2004/7/17,1.18,382
2004/7/18,29.25,551
2004/7/19,38.83,1070
2004/7/20,10.15,2160
2004/7/21,3.83,2930
2004/7/22,0,3260
2004/7/23,0,3340
2004/7/24,0,3170
2004/7/25,0,2680
2004/7/26,0,2020
2004/7/27,0,1710
2004/7/28,0,1520
2004/7/29,0,1370
2004/7/30,3.78,1060
2004/7/31,8.02,828
2004/8/1,0.05,769
2004/8/2,9.18,718
2004/8/3,23.58,665
2004/8/4,32.37,854
2004/8/5,11.6,862
2004/8/6,15.5,1020
2004/8/7,0.8,1790
2004/8/8,2.42,2300
2004/8/9,0,2630
2004/8/10,0,2630
2004/8/11,7.25,2940
2004/8/12,0.5,2640
2004/8/13,0,2270
2004/8/14,11.52,2060
2004/8/15,9.17,2010
2004/8/16,4.55,2040
2004/8/17,0.7,2390
2004/8/18,1.52,3250
2004/8/19,0,3710
2004/8/20,0,3750
2004/8/21,2.53,3560
2004/8/22,9.58,3240
2004/8/23,1.65,2860
2004/8/24,0,2580
2004/8/25,0,2380
2004/8/26,0,2310
2004/8/27,52.77,2250
2004/8/28,0,2150
2004/8/29,0,2120
2004/8/30,0.05,2220
2004/8/31,0,2370
2004/9/1,0,2280
2004/9/2,0,2160
2004/9/3,0,1910
2004/9/4,16.95,1850
2004/9/5,1.55,1830
2004/9/6,0.38,1650
2004/9/7,0,1490
2004/9/8,0,1460
2004/9/9,0,1420
2004/9/10,0,1400
2004/9/11,0,1440
2004/9/12,0,1360
2004/9/13,0,1070
2004/9/14,2.63,832
2004/9/15,3.3,749
2004/9/16,0,715
2004/9/17,0,809
2004/9/18,0,824
2004/9/19,0,793
2004/9/20,3.2,686
2004/9/21,2.63,540
2004/9/22,0,483
2004/9/23,0,483
2004/9/24,0,447
2004/9/25,0,560
2004/9/26,0.43,620
2004/9/27,0,568
2004/9/28,0,501
2004/9/29,0,439
2004/9/30,0,464
2004/10/1,4.32,460
2004/10/2,0,406
2004/10/3,0,344
2004/10/4,0,281
2004/10/5,0,277
2004/10/6,0,301
2004/10/7,0,362
2004/10/8,0,406
2004/10/9,0,347
2004/10/10,0,304
2004/10/11,0,290
2004/10/12,0,329
2004/10/13,0,325
2004/10/14,0,315
2004/10/15,0,304
2004/10/16,0,291
2004/10/17,0.05,289
2004/10/18,0.78,296
2004/10/19,0,299
2004/10/20,0,247
2004/10/21,0,181
2004/10/22,0,153
2004/10/23,0,140
2004/10/24,0,134
2004/10/25,0,133
2004/10/26,0,134
2004/10/27,0,136
2004/10/28,0,140
2004/10/29,0,143
2004/10/30,0,148
2004/10/31,0.15,154
2004/11/1,1.13,161
2004/11/2,0,169
2004/11/3,0,178
2004/11/4,0,192
2004/11/5,0,208
2004/11/6,0,221
2004/11/7,0,199
2004/11/8,0,166
2004/11/9,0,156
2004/11/10,6.45,165
2004/11/11,1.68,207
2004/11/12,0,262
2004/11/13,11.95,302
2004/11/14,3.65,320
2004/11/15,0,297
2004/11/16,0,273
2004/11/17,0,254
2004/11/18,0,241
2004/11/19,0,233
2004/11/20,0,234
2004/11/21,0,235
2004/11/22,0,237
2004/11/23,0,242
2004/11/24,0,244
2004/11/25,0.83,230
2004/11/26,1.98,214
2004/11/27,0,203
2004/11/28,0,201
2004/11/29,0,202
2004/11/30,0,206
2004/12/1,0,210
2004/12/2,0,214
2004/12/3,0,216
2004/12/4,0.13,218
2004/12/5,0,218
2004/12/6,0,194
2004/12/7,0,174
2004/12/8,0,175
2004/12/9,0,177
2004/12/10,0,176
2004/12/11,0,178
2004/12/12,0,174
2004/12/13,0,168
2004/12/14,0,163
2004/12/15,0,161
2004/12/16,0,160
2004/12/17,0,163
2004/12/18,0,167
2004/12/19,0.15,169
2004/12/20,0,170
2004/12/21,0.88,171
2004/12/22,17.25,172
2004/12/23,8.3,171
2004/12/24,0.23,134
2004/12/25,0,111
2004/12/26,0,109
2004/12/27,5.65,112
2004/12/28,0,115
2004/12/29,0,121
2004/12/30,2.07,128
2004/12/31,0,136
